"","var","n","wt","dev","yval","complexity","ncompete","nsurrogate","yval2.","yval2.","yval2.","yval2.","yval2.","yval2.nodeprob"
"1","relationship",1000,1000,194,1,0.164948454,4,5,1.000000e+00,8.060000e+02,1.940000e+02,8.060000e-01,1.940000e-01,1.000000e+00
"2","capital-gain", 651, 651, 34,1,0.036082474,4,0,1.000000e+00,6.170000e+02,3.400000e+01,9.477727e-01,5.222734e-02,6.510000e-01
"4","capital-loss", 642, 642, 26,1,0.025773196,4,0,1.000000e+00,6.160000e+02,2.600000e+01,9.595016e-01,4.049844e-02,6.420000e-01
"8","occupation", 637, 637, 21,1,0.007216495,4,5,1.000000e+00,6.160000e+02,2.100000e+01,9.670330e-01,3.296703e-02,6.370000e-01
"16","education", 547, 547,  7,1,0.007216495,4,1,1.000000e+00,5.400000e+02,7.000000e+00,9.872029e-01,1.279707e-02,5.470000e-01
"32","education-num", 545, 545,  5,1,0.002577320,4,0,1.000000e+00,5.400000e+02,5.000000e+00,9.908257e-01,9.174312e-03,5.450000e-01
"64","age", 542, 542,  4,1,0.002290951,4,5,1.000000e+00,5.380000e+02,4.000000e+00,9.926199e-01,7.380074e-03,5.420000e-01
"128","<leaf>", 473, 473,  0,1,0.000000000,0,0,1.000000e+00,4.730000e+02,0.000000e+00,1.000000e+00,0.000000e+00,4.730000e-01
"129","workclass",  69,  69,  4,1,0.002290951,4,0,1.000000e+00,6.500000e+01,4.000000e+00,9.420290e-01,5.797101e-02,6.900000e-02
"258","marital-status",  67,  67,  3,1,0.002290951,4,0,1.000000e+00,6.400000e+01,3.000000e+00,9.552239e-01,4.477612e-02,6.700000e-02
"516","occupation",  65,  65,  2,1,0.002290951,4,0,1.000000e+00,6.300000e+01,2.000000e+00,9.692308e-01,3.076923e-02,6.500000e-02
"1032","<leaf>",  49,  49,  0,1,0.000000000,0,0,1.000000e+00,4.900000e+01,0.000000e+00,1.000000e+00,0.000000e+00,4.900000e-02
"1033","fnlwgt",  16,  16,  2,1,0.002290951,4,3,1.000000e+00,1.400000e+01,2.000000e+00,8.750000e-01,1.250000e-01,1.600000e-02
"2066","<leaf>",  11,  11,  0,1,0.000000000,0,0,1.000000e+00,1.100000e+01,0.000000e+00,1.000000e+00,0.000000e+00,1.100000e-02
"2067","age",   5,   5,  2,1,0.002290951,4,0,1.000000e+00,3.000000e+00,2.000000e+00,6.000000e-01,4.000000e-01,5.000000e-03
"4134","occupation",   4,   4,  1,1,0.002290951,4,0,1.000000e+00,3.000000e+00,1.000000e+00,7.500000e-01,2.500000e-01,4.000000e-03
"8268","<leaf>",   3,   3,  0,1,0.000000000,0,0,1.000000e+00,3.000000e+00,0.000000e+00,1.000000e+00,0.000000e+00,3.000000e-03
"8269","<leaf>",   1,   1,  0,2,0.000000000,0,0,2.000000e+00,0.000000e+00,1.000000e+00,0.000000e+00,1.000000e+00,1.000000e-03
"4135","<leaf>",   1,   1,  0,2,0.000000000,0,0,2.000000e+00,0.000000e+00,1.000000e+00,0.000000e+00,1.000000e+00,1.000000e-03
"517","age",   2,   2,  1,1,0.002290951,4,0,1.000000e+00,1.000000e+00,1.000000e+00,5.000000e-01,5.000000e-01,2.000000e-03
"1034","<leaf>",   1,   1,  0,1,0.000000000,0,0,1.000000e+00,1.000000e+00,0.000000e+00,1.000000e+00,0.000000e+00,1.000000e-03
"1035","<leaf>",   1,   1,  0,2,0.000000000,0,0,2.000000e+00,0.000000e+00,1.000000e+00,0.000000e+00,1.000000e+00,1.000000e-03
"259","age",   2,   2,  1,1,0.002290951,4,0,1.000000e+00,1.000000e+00,1.000000e+00,5.000000e-01,5.000000e-01,2.000000e-03
"518","<leaf>",   1,   1,  0,1,0.000000000,0,0,1.000000e+00,1.000000e+00,0.000000e+00,1.000000e+00,0.000000e+00,1.000000e-03
"519","<leaf>",   1,   1,  0,2,0.000000000,0,0,2.000000e+00,0.000000e+00,1.000000e+00,0.000000e+00,1.000000e+00,1.000000e-03
"65","age",   3,   3,  1,1,0.002577320,4,0,1.000000e+00,2.000000e+00,1.000000e+00,6.666667e-01,3.333333e-01,3.000000e-03
"130","<leaf>",   2,   2,  0,1,0.000000000,0,0,1.000000e+00,2.000000e+00,0.000000e+00,1.000000e+00,0.000000e+00,2.000000e-03
"131","<leaf>",   1,   1,  0,2,0.000000000,0,0,2.000000e+00,0.000000e+00,1.000000e+00,0.000000e+00,1.000000e+00,1.000000e-03
"33","<leaf>",   2,   2,  0,2,0.000000000,0,0,2.000000e+00,0.000000e+00,2.000000e+00,0.000000e+00,1.000000e+00,2.000000e-03
"17","education",  90,  90, 14,1,0.007216495,4,5,1.000000e+00,7.600000e+01,1.400000e+01,8.444444e-01,1.555556e-01,9.000000e-02
"34","race",  46,  46,  1,1,0.005154639,4,0,1.000000e+00,4.500000e+01,1.000000e+00,9.782609e-01,2.173913e-02,4.600000e-02
"68","<leaf>",  45,  45,  0,1,0.000000000,0,0,1.000000e+00,4.500000e+01,0.000000e+00,1.000000e+00,0.000000e+00,4.500000e-02
"69","<leaf>",   1,   1,  0,2,0.000000000,0,0,2.000000e+00,0.000000e+00,1.000000e+00,0.000000e+00,1.000000e+00,1.000000e-03
"35","hours-per-week",  44,  44, 13,1,0.007216495,4,5,1.000000e+00,3.100000e+01,1.300000e+01,7.045455e-01,2.954545e-01,4.400000e-02
"70","workclass",  24,  24,  3,1,0.005154639,4,0,1.000000e+00,2.100000e+01,3.000000e+00,8.750000e-01,1.250000e-01,2.400000e-02
"140","fnlwgt",  23,  23,  2,1,0.005154639,4,0,1.000000e+00,2.100000e+01,2.000000e+00,9.130435e-01,8.695652e-02,2.300000e-02
"280","capital-loss",  22,  22,  1,1,0.005154639,4,0,1.000000e+00,2.100000e+01,1.000000e+00,9.545455e-01,4.545455e-02,2.200000e-02
"560","<leaf>",  21,  21,  0,1,0.000000000,0,0,1.000000e+00,2.100000e+01,0.000000e+00,1.000000e+00,0.000000e+00,2.100000e-02
"561","<leaf>",   1,   1,  0,2,0.000000000,0,0,2.000000e+00,0.000000e+00,1.000000e+00,0.000000e+00,1.000000e+00,1.000000e-03
"281","<leaf>",   1,   1,  0,2,0.000000000,0,0,2.000000e+00,0.000000e+00,1.000000e+00,0.000000e+00,1.000000e+00,1.000000e-03
"141","<leaf>",   1,   1,  0,2,0.000000000,0,0,2.000000e+00,0.000000e+00,1.000000e+00,0.000000e+00,1.000000e+00,1.000000e-03
"71","age",  20,  20, 10,1,0.007216495,4,1,1.000000e+00,1.000000e+01,1.000000e+01,5.000000e-01,5.000000e-01,2.000000e-02
"142","<leaf>",   5,   5,  0,1,0.000000000,0,0,1.000000e+00,5.000000e+00,0.000000e+00,1.000000e+00,0.000000e+00,5.000000e-03
"143","marital-status",  15,  15,  5,2,0.005154639,4,5,2.000000e+00,5.000000e+00,1.000000e+01,3.333333e-01,6.666667e-01,1.500000e-02
"286","age",  10,  10,  5,1,0.005154639,4,0,1.000000e+00,5.000000e+00,5.000000e+00,5.000000e-01,5.000000e-01,1.000000e-02
"572","race",   8,   8,  3,1,0.005154639,4,0,1.000000e+00,5.000000e+00,3.000000e+00,6.250000e-01,3.750000e-01,8.000000e-03
"1144","fnlwgt",   7,   7,  2,1,0.005154639,4,2,1.000000e+00,5.000000e+00,2.000000e+00,7.142857e-01,2.857143e-01,7.000000e-03
"2288","<leaf>",   4,   4,  0,1,0.000000000,0,0,1.000000e+00,4.000000e+00,0.000000e+00,1.000000e+00,0.000000e+00,4.000000e-03
"2289","age",   3,   3,  1,2,0.005154639,4,0,2.000000e+00,1.000000e+00,2.000000e+00,3.333333e-01,6.666667e-01,3.000000e-03
"4578","<leaf>",   1,   1,  0,1,0.000000000,0,0,1.000000e+00,1.000000e+00,0.000000e+00,1.000000e+00,0.000000e+00,1.000000e-03
"4579","<leaf>",   2,   2,  0,2,0.000000000,0,0,2.000000e+00,0.000000e+00,2.000000e+00,0.000000e+00,1.000000e+00,2.000000e-03
"1145","<leaf>",   1,   1,  0,2,0.000000000,0,0,2.000000e+00,0.000000e+00,1.000000e+00,0.000000e+00,1.000000e+00,1.000000e-03
"573","<leaf>",   2,   2,  0,2,0.000000000,0,0,2.000000e+00,0.000000e+00,2.000000e+00,0.000000e+00,1.000000e+00,2.000000e-03
"287","<leaf>",   5,   5,  0,2,0.000000000,0,0,2.000000e+00,0.000000e+00,5.000000e+00,0.000000e+00,1.000000e+00,5.000000e-03
"9","<leaf>",   5,   5,  0,2,0.000000000,0,0,2.000000e+00,0.000000e+00,5.000000e+00,0.000000e+00,1.000000e+00,5.000000e-03
"5","fnlwgt",   9,   9,  1,2,0.005154639,4,0,2.000000e+00,1.000000e+00,8.000000e+00,1.111111e-01,8.888889e-01,9.000000e-03
"10","<leaf>",   1,   1,  0,1,0.000000000,0,0,1.000000e+00,1.000000e+00,0.000000e+00,1.000000e+00,0.000000e+00,1.000000e-03
"11","<leaf>",   8,   8,  0,2,0.000000000,0,0,2.000000e+00,0.000000e+00,8.000000e+00,0.000000e+00,1.000000e+00,8.000000e-03
"3","education", 349, 349,160,1,0.164948454,4,5,1.000000e+00,1.890000e+02,1.600000e+02,5.415473e-01,4.584527e-01,3.490000e-01
"6","capital-gain", 169, 169, 38,1,0.020618557,4,0,1.000000e+00,1.310000e+02,3.800000e+01,7.751479e-01,2.248521e-01,1.690000e-01
"12","hours-per-week", 165, 165, 34,1,0.018041237,4,1,1.000000e+00,1.310000e+02,3.400000e+01,7.939394e-01,2.060606e-01,1.650000e-01
"24","native-country", 152, 152, 26,1,0.015463918,4,0,1.000000e+00,1.260000e+02,2.600000e+01,8.289474e-01,1.710526e-01,1.520000e-01
"48","age", 149, 149, 23,1,0.006872852,4,4,1.000000e+00,1.260000e+02,2.300000e+01,8.456376e-01,1.543624e-01,1.490000e-01
"96","fnlwgt",  46,  46,  1,1,0.002577320,4,2,1.000000e+00,4.500000e+01,1.000000e+00,9.782609e-01,2.173913e-02,4.600000e-02
"192","<leaf>",  41,  41,  0,1,0.000000000,0,0,1.000000e+00,4.100000e+01,0.000000e+00,1.000000e+00,0.000000e+00,4.100000e-02
"193","fnlwgt",   5,   5,  1,1,0.002577320,4,0,1.000000e+00,4.000000e+00,1.000000e+00,8.000000e-01,2.000000e-01,5.000000e-03
"386","<leaf>",   4,   4,  0,1,0.000000000,0,0,1.000000e+00,4.000000e+00,0.000000e+00,1.000000e+00,0.000000e+00,4.000000e-03
"387","<leaf>",   1,   1,  0,2,0.000000000,0,0,2.000000e+00,0.000000e+00,1.000000e+00,0.000000e+00,1.000000e+00,1.000000e-03
"97","fnlwgt", 103, 103, 22,1,0.006872852,4,4,1.000000e+00,8.100000e+01,2.200000e+01,7.864078e-01,2.135922e-01,1.030000e-01
"194","workclass",  79,  79, 12,1,0.005154639,4,0,1.000000e+00,6.700000e+01,1.200000e+01,8.481013e-01,1.518987e-01,7.900000e-02
"388","occupation",  78,  78, 11,1,0.004295533,4,5,1.000000e+00,6.700000e+01,1.100000e+01,8.589744e-01,1.410256e-01,7.800000e-02
"776","race",  35,  35,  1,1,0.002577320,4,0,1.000000e+00,3.400000e+01,1.000000e+00,9.714286e-01,2.857143e-02,3.500000e-02
"1552","<leaf>",  31,  31,  0,1,0.000000000,0,0,1.000000e+00,3.100000e+01,0.000000e+00,1.000000e+00,0.000000e+00,3.100000e-02
"1553","fnlwgt",   4,   4,  1,1,0.002577320,4,0,1.000000e+00,3.000000e+00,1.000000e+00,7.500000e-01,2.500000e-01,4.000000e-03
"3106","<leaf>",   3,   3,  0,1,0.000000000,0,0,1.000000e+00,3.000000e+00,0.000000e+00,1.000000e+00,0.000000e+00,3.000000e-03
"3107","<leaf>",   1,   1,  0,2,0.000000000,0,0,2.000000e+00,0.000000e+00,1.000000e+00,0.000000e+00,1.000000e+00,1.000000e-03
"777","workclass",  43,  43, 10,1,0.004295533,4,0,1.000000e+00,3.300000e+01,1.000000e+01,7.674419e-01,2.325581e-01,4.300000e-02
"1554","fnlwgt",  42,  42,  9,1,0.004295533,4,0,1.000000e+00,3.300000e+01,9.000000e+00,7.857143e-01,2.142857e-01,4.200000e-02
"3108","education",  41,  41,  8,1,0.004295533,4,0,1.000000e+00,3.300000e+01,8.000000e+00,8.048780e-01,1.951220e-01,4.100000e-02
"6216","fnlwgt",  40,  40,  7,1,0.004295533,4,2,1.000000e+00,3.300000e+01,7.000000e+00,8.250000e-01,1.750000e-01,4.000000e-02
"12432","capital-loss",  32,  32,  4,1,0.002577320,4,0,1.000000e+00,2.800000e+01,4.000000e+00,8.750000e-01,1.250000e-01,3.200000e-02
"24864","education",  30,  30,  3,1,0.002577320,4,3,1.000000e+00,2.700000e+01,3.000000e+00,9.000000e-01,1.000000e-01,3.000000e-02
"49728","<leaf>",  12,  12,  0,1,0.000000000,0,0,1.000000e+00,1.200000e+01,0.000000e+00,1.000000e+00,0.000000e+00,1.200000e-02
"49729","age",  18,  18,  3,1,0.002577320,4,0,1.000000e+00,1.500000e+01,3.000000e+00,8.333333e-01,1.666667e-01,1.800000e-02
"99458","occupation",  17,  17,  2,1,0.001718213,4,5,1.000000e+00,1.500000e+01,2.000000e+00,8.823529e-01,1.176471e-01,1.700000e-02
"198916","<leaf>",   7,   7,  0,1,0.000000000,0,0,1.000000e+00,7.000000e+00,0.000000e+00,1.000000e+00,0.000000e+00,7.000000e-03
"198917","fnlwgt",  10,  10,  2,1,0.001718213,4,3,1.000000e+00,8.000000e+00,2.000000e+00,8.000000e-01,2.000000e-01,1.000000e-02
"397834","<leaf>",   4,   4,  0,1,0.000000000,0,0,1.000000e+00,4.000000e+00,0.000000e+00,1.000000e+00,0.000000e+00,4.000000e-03
"397835","age",   6,   6,  2,1,0.001718213,2,0,1.000000e+00,4.000000e+00,2.000000e+00,6.666667e-01,3.333333e-01,6.000000e-03
"795670","fnlwgt",   5,   5,  1,1,0.001718213,2,2,1.000000e+00,4.000000e+00,1.000000e+00,8.000000e-01,2.000000e-01,5.000000e-03
"1591340","<leaf>",   3,   3,  0,1,0.000000000,0,0,1.000000e+00,3.000000e+00,0.000000e+00,1.000000e+00,0.000000e+00,3.000000e-03
"1591341","age",   2,   2,  1,1,0.001718213,1,0,1.000000e+00,1.000000e+00,1.000000e+00,5.000000e-01,5.000000e-01,2.000000e-03
"3182682","<leaf>",   1,   1,  0,1,0.000000000,0,0,1.000000e+00,1.000000e+00,0.000000e+00,1.000000e+00,0.000000e+00,1.000000e-03
"3182683","<leaf>",   1,   1,  0,2,0.000000000,0,0,2.000000e+00,0.000000e+00,1.000000e+00,0.000000e+00,1.000000e+00,1.000000e-03
"795671","<leaf>",   1,   1,  0,2,0.000000000,0,0,2.000000e+00,0.000000e+00,1.000000e+00,0.000000e+00,1.000000e+00,1.000000e-03
"99459","<leaf>",   1,   1,  0,2,0.000000000,0,0,2.000000e+00,0.000000e+00,1.000000e+00,0.000000e+00,1.000000e+00,1.000000e-03
"24865","age",   2,   2,  1,1,0.002577320,4,0,1.000000e+00,1.000000e+00,1.000000e+00,5.000000e-01,5.000000e-01,2.000000e-03
"49730","<leaf>",   1,   1,  0,1,0.000000000,0,0,1.000000e+00,1.000000e+00,0.000000e+00,1.000000e+00,0.000000e+00,1.000000e-03
"49731","<leaf>",   1,   1,  0,2,0.000000000,0,0,2.000000e+00,0.000000e+00,1.000000e+00,0.000000e+00,1.000000e+00,1.000000e-03
"12433","age",   8,   8,  3,1,0.004295533,4,1,1.000000e+00,5.000000e+00,3.000000e+00,6.250000e-01,3.750000e-01,8.000000e-03
"24866","education",   6,   6,  1,1,0.004295533,4,0,1.000000e+00,5.000000e+00,1.000000e+00,8.333333e-01,1.666667e-01,6.000000e-03
"49732","<leaf>",   5,   5,  0,1,0.000000000,0,0,1.000000e+00,5.000000e+00,0.000000e+00,1.000000e+00,0.000000e+00,5.000000e-03
"49733","<leaf>",   1,   1,  0,2,0.000000000,0,0,2.000000e+00,0.000000e+00,1.000000e+00,0.000000e+00,1.000000e+00,1.000000e-03
"24867","<leaf>",   2,   2,  0,2,0.000000000,0,0,2.000000e+00,0.000000e+00,2.000000e+00,0.000000e+00,1.000000e+00,2.000000e-03
"6217","<leaf>",   1,   1,  0,2,0.000000000,0,0,2.000000e+00,0.000000e+00,1.000000e+00,0.000000e+00,1.000000e+00,1.000000e-03
"3109","<leaf>",   1,   1,  0,2,0.000000000,0,0,2.000000e+00,0.000000e+00,1.000000e+00,0.000000e+00,1.000000e+00,1.000000e-03
"1555","<leaf>",   1,   1,  0,2,0.000000000,0,0,2.000000e+00,0.000000e+00,1.000000e+00,0.000000e+00,1.000000e+00,1.000000e-03
"389","<leaf>",   1,   1,  0,2,0.000000000,0,0,2.000000e+00,0.000000e+00,1.000000e+00,0.000000e+00,1.000000e+00,1.000000e-03
"195","fnlwgt",  24,  24, 10,1,0.006872852,4,1,1.000000e+00,1.400000e+01,1.000000e+01,5.833333e-01,4.166667e-01,2.400000e-02
"390","hours-per-week",  20,  20,  6,1,0.006872852,4,0,1.000000e+00,1.400000e+01,6.000000e+00,7.000000e-01,3.000000e-01,2.000000e-02
"780","age",  18,  18,  4,1,0.005154639,4,3,1.000000e+00,1.400000e+01,4.000000e+00,7.777778e-01,2.222222e-01,1.800000e-02
"1560","age",  15,  15,  2,1,0.005154639,4,0,1.000000e+00,1.300000e+01,2.000000e+00,8.666667e-01,1.333333e-01,1.500000e-02
"3120","fnlwgt",  14,  14,  1,1,0.005154639,4,0,1.000000e+00,1.300000e+01,1.000000e+00,9.285714e-01,7.142857e-02,1.400000e-02
"6240","<leaf>",  13,  13,  0,1,0.000000000,0,0,1.000000e+00,1.300000e+01,0.000000e+00,1.000000e+00,0.000000e+00,1.300000e-02
"6241","<leaf>",   1,   1,  0,2,0.000000000,0,0,2.000000e+00,0.000000e+00,1.000000e+00,0.000000e+00,1.000000e+00,1.000000e-03
"3121","<leaf>",   1,   1,  0,2,0.000000000,0,0,2.000000e+00,0.000000e+00,1.000000e+00,0.000000e+00,1.000000e+00,1.000000e-03
"1561","workclass",   3,   3,  1,2,0.005154639,4,0,2.000000e+00,1.000000e+00,2.000000e+00,3.333333e-01,6.666667e-01,3.000000e-03
"3122","<leaf>",   1,   1,  0,1,0.000000000,0,0,1.000000e+00,1.000000e+00,0.000000e+00,1.000000e+00,0.000000e+00,1.000000e-03
"3123","<leaf>",   2,   2,  0,2,0.000000000,0,0,2.000000e+00,0.000000e+00,2.000000e+00,0.000000e+00,1.000000e+00,2.000000e-03
"781","<leaf>",   2,   2,  0,2,0.000000000,0,0,2.000000e+00,0.000000e+00,2.000000e+00,0.000000e+00,1.000000e+00,2.000000e-03
"391","<leaf>",   4,   4,  0,2,0.000000000,0,0,2.000000e+00,0.000000e+00,4.000000e+00,0.000000e+00,1.000000e+00,4.000000e-03
"49","<leaf>",   3,   3,  0,2,0.000000000,0,0,2.000000e+00,0.000000e+00,3.000000e+00,0.000000e+00,1.000000e+00,3.000000e-03
"25","occupation",  13,  13,  5,2,0.018041237,4,5,2.000000e+00,5.000000e+00,8.000000e+00,3.846154e-01,6.153846e-01,1.300000e-02
"50","age",   6,   6,  1,1,0.005154639,4,0,1.000000e+00,5.000000e+00,1.000000e+00,8.333333e-01,1.666667e-01,6.000000e-03
"100","<leaf>",   5,   5,  0,1,0.000000000,0,0,1.000000e+00,5.000000e+00,0.000000e+00,1.000000e+00,0.000000e+00,5.000000e-03
"101","<leaf>",   1,   1,  0,2,0.000000000,0,0,2.000000e+00,0.000000e+00,1.000000e+00,0.000000e+00,1.000000e+00,1.000000e-03
"51","<leaf>",   7,   7,  0,2,0.000000000,0,0,2.000000e+00,0.000000e+00,7.000000e+00,0.000000e+00,1.000000e+00,7.000000e-03
"13","<leaf>",   4,   4,  0,2,0.000000000,0,0,2.000000e+00,0.000000e+00,4.000000e+00,0.000000e+00,1.000000e+00,4.000000e-03
"7","capital-gain", 180, 180, 58,2,0.021907216,4,1,2.000000e+00,5.800000e+01,1.220000e+02,3.222222e-01,6.777778e-01,1.800000e-01
"14","education", 152, 152, 58,2,0.021907216,4,5,2.000000e+00,5.800000e+01,9.400000e+01,3.815789e-01,6.184211e-01,1.520000e-01
"28","age",  59,  59, 27,1,0.021907216,4,2,1.000000e+00,3.200000e+01,2.700000e+01,5.423729e-01,4.576271e-01,5.900000e-02
"56","<leaf>",   8,   8,  0,1,0.000000000,0,0,1.000000e+00,8.000000e+00,0.000000e+00,1.000000e+00,0.000000e+00,8.000000e-03
"57","occupation",  51,  51, 24,2,0.021907216,4,5,2.000000e+00,2.400000e+01,2.700000e+01,4.705882e-01,5.294118e-01,5.100000e-02
"114","workclass",  25,  25,  8,1,0.015463918,4,0,1.000000e+00,1.700000e+01,8.000000e+00,6.800000e-01,3.200000e-01,2.500000e-02
"228","age",  22,  22,  5,1,0.005154639,4,5,1.000000e+00,1.700000e+01,5.000000e+00,7.727273e-01,2.272727e-01,2.200000e-02
"456","<leaf>",  10,  10,  0,1,0.000000000,0,0,1.000000e+00,1.000000e+01,0.000000e+00,1.000000e+00,0.000000e+00,1.000000e-02
"457","age",  12,  12,  5,1,0.005154639,4,5,1.000000e+00,7.000000e+00,5.000000e+00,5.833333e-01,4.166667e-01,1.200000e-02
"914","<leaf>",   4,   4,  0,1,0.000000000,0,0,1.000000e+00,4.000000e+00,0.000000e+00,1.000000e+00,0.000000e+00,4.000000e-03
"915","fnlwgt",   8,   8,  3,2,0.005154639,4,0,2.000000e+00,3.000000e+00,5.000000e+00,3.750000e-01,6.250000e-01,8.000000e-03
"1830","<leaf>",   1,   1,  0,1,0.000000000,0,0,1.000000e+00,1.000000e+00,0.000000e+00,1.000000e+00,0.000000e+00,1.000000e-03
"1831","native-country",   7,   7,  2,2,0.005154639,4,0,2.000000e+00,2.000000e+00,5.000000e+00,2.857143e-01,7.142857e-01,7.000000e-03
"3662","<leaf>",   1,   1,  0,1,0.000000000,0,0,1.000000e+00,1.000000e+00,0.000000e+00,1.000000e+00,0.000000e+00,1.000000e-03
"3663","age",   6,   6,  1,2,0.002577320,4,4,2.000000e+00,1.000000e+00,5.000000e+00,1.666667e-01,8.333333e-01,6.000000e-03
"7326","age",   3,   3,  1,2,0.002577320,3,0,2.000000e+00,1.000000e+00,2.000000e+00,3.333333e-01,6.666667e-01,3.000000e-03
"14652","<leaf>",   1,   1,  0,1,0.000000000,0,0,1.000000e+00,1.000000e+00,0.000000e+00,1.000000e+00,0.000000e+00,1.000000e-03
"14653","<leaf>",   2,   2,  0,2,0.000000000,0,0,2.000000e+00,0.000000e+00,2.000000e+00,0.000000e+00,1.000000e+00,2.000000e-03
"7327","<leaf>",   3,   3,  0,2,0.000000000,0,0,2.000000e+00,0.000000e+00,3.000000e+00,0.000000e+00,1.000000e+00,3.000000e-03
"229","<leaf>",   3,   3,  0,2,0.000000000,0,0,2.000000e+00,0.000000e+00,3.000000e+00,0.000000e+00,1.000000e+00,3.000000e-03
"115","age",  26,  26,  7,2,0.010309278,4,0,2.000000e+00,7.000000e+00,1.900000e+01,2.692308e-01,7.307692e-01,2.600000e-02
"230","<leaf>",   2,   2,  0,1,0.000000000,0,0,1.000000e+00,2.000000e+00,0.000000e+00,1.000000e+00,0.000000e+00,2.000000e-03
"231","workclass",  24,  24,  5,2,0.005154639,4,0,2.000000e+00,5.000000e+00,1.900000e+01,2.083333e-01,7.916667e-01,2.400000e-02
"462","<leaf>",   1,   1,  0,1,0.000000000,0,0,1.000000e+00,1.000000e+00,0.000000e+00,1.000000e+00,0.000000e+00,1.000000e-03
"463","native-country",  23,  23,  4,2,0.005154639,4,0,2.000000e+00,4.000000e+00,1.900000e+01,1.739130e-01,8.260870e-01,2.300000e-02
"926","<leaf>",   1,   1,  0,1,0.000000000,0,0,1.000000e+00,1.000000e+00,0.000000e+00,1.000000e+00,0.000000e+00,1.000000e-03
"927","occupation",  22,  22,  3,2,0.002577320,4,5,2.000000e+00,3.000000e+00,1.900000e+01,1.363636e-01,8.636364e-01,2.200000e-02
"1854","age",  12,  12,  3,2,0.002577320,4,0,2.000000e+00,3.000000e+00,9.000000e+00,2.500000e-01,7.500000e-01,1.200000e-02
"3708","age",   4,   4,  2,1,0.002577320,3,0,1.000000e+00,2.000000e+00,2.000000e+00,5.000000e-01,5.000000e-01,4.000000e-03
"7416","<leaf>",   1,   1,  0,1,0.000000000,0,0,1.000000e+00,1.000000e+00,0.000000e+00,1.000000e+00,0.000000e+00,1.000000e-03
"7417","fnlwgt",   3,   3,  1,2,0.002577320,3,0,2.000000e+00,1.000000e+00,2.000000e+00,3.333333e-01,6.666667e-01,3.000000e-03
"14834","<leaf>",   1,   1,  0,1,0.000000000,0,0,1.000000e+00,1.000000e+00,0.000000e+00,1.000000e+00,0.000000e+00,1.000000e-03
"14835","<leaf>",   2,   2,  0,2,0.000000000,0,0,2.000000e+00,0.000000e+00,2.000000e+00,0.000000e+00,1.000000e+00,2.000000e-03
"3709","fnlwgt",   8,   8,  1,2,0.002577320,4,3,2.000000e+00,1.000000e+00,7.000000e+00,1.250000e-01,8.750000e-01,8.000000e-03
"7418","age",   3,   3,  1,2,0.002577320,4,0,2.000000e+00,1.000000e+00,2.000000e+00,3.333333e-01,6.666667e-01,3.000000e-03
"14836","<leaf>",   1,   1,  0,1,0.000000000,0,0,1.000000e+00,1.000000e+00,0.000000e+00,1.000000e+00,0.000000e+00,1.000000e-03
"14837","<leaf>",   2,   2,  0,2,0.000000000,0,0,2.000000e+00,0.000000e+00,2.000000e+00,0.000000e+00,1.000000e+00,2.000000e-03
"7419","<leaf>",   5,   5,  0,2,0.000000000,0,0,2.000000e+00,0.000000e+00,5.000000e+00,0.000000e+00,1.000000e+00,5.000000e-03
"1855","<leaf>",  10,  10,  0,2,0.000000000,0,0,2.000000e+00,0.000000e+00,1.000000e+01,0.000000e+00,1.000000e+00,1.000000e-02
"29","workclass",  93,  93, 26,2,0.020618557,4,4,2.000000e+00,2.600000e+01,6.700000e+01,2.795699e-01,7.204301e-01,9.300000e-02
"58","education",  18,  18,  7,1,0.010309278,4,3,1.000000e+00,1.100000e+01,7.000000e+00,6.111111e-01,3.888889e-01,1.800000e-02
"116","<leaf>",   5,   5,  0,1,0.000000000,0,0,1.000000e+00,5.000000e+00,0.000000e+00,1.000000e+00,0.000000e+00,5.000000e-03
"117","workclass",  13,  13,  6,2,0.010309278,4,3,2.000000e+00,6.000000e+00,7.000000e+00,4.615385e-01,5.384615e-01,1.300000e-02
"234","occupation",   9,   9,  3,1,0.010309278,4,5,1.000000e+00,6.000000e+00,3.000000e+00,6.666667e-01,3.333333e-01,9.000000e-03
"468","<leaf>",   5,   5,  0,1,0.000000000,0,0,1.000000e+00,5.000000e+00,0.000000e+00,1.000000e+00,0.000000e+00,5.000000e-03
"469","age",   4,   4,  1,2,0.005154639,4,0,2.000000e+00,1.000000e+00,3.000000e+00,2.500000e-01,7.500000e-01,4.000000e-03
"938","<leaf>",   1,   1,  0,1,0.000000000,0,0,1.000000e+00,1.000000e+00,0.000000e+00,1.000000e+00,0.000000e+00,1.000000e-03
"939","<leaf>",   3,   3,  0,2,0.000000000,0,0,2.000000e+00,0.000000e+00,3.000000e+00,0.000000e+00,1.000000e+00,3.000000e-03
"235","<leaf>",   4,   4,  0,2,0.000000000,0,0,2.000000e+00,0.000000e+00,4.000000e+00,0.000000e+00,1.000000e+00,4.000000e-03
"59","occupation",  75,  75, 15,2,0.010309278,4,1,2.000000e+00,1.500000e+01,6.000000e+01,2.000000e-01,8.000000e-01,7.500000e-02
"118","hours-per-week",   6,   6,  2,1,0.005154639,4,3,1.000000e+00,4.000000e+00,2.000000e+00,6.666667e-01,3.333333e-01,6.000000e-03
"236","<leaf>",   3,   3,  0,1,0.000000000,0,0,1.000000e+00,3.000000e+00,0.000000e+00,1.000000e+00,0.000000e+00,3.000000e-03
"237","age",   3,   3,  1,2,0.005154639,4,0,2.000000e+00,1.000000e+00,2.000000e+00,3.333333e-01,6.666667e-01,3.000000e-03
"474","<leaf>",   1,   1,  0,1,0.000000000,0,0,1.000000e+00,1.000000e+00,0.000000e+00,1.000000e+00,0.000000e+00,1.000000e-03
"475","<leaf>",   2,   2,  0,2,0.000000000,0,0,2.000000e+00,0.000000e+00,2.000000e+00,0.000000e+00,1.000000e+00,2.000000e-03
"119","age",  69,  69, 11,2,0.005154639,4,2,2.000000e+00,1.100000e+01,5.800000e+01,1.594203e-01,8.405797e-01,6.900000e-02
"238","workclass",  22,  22,  7,2,0.005154639,4,0,2.000000e+00,7.000000e+00,1.500000e+01,3.181818e-01,6.818182e-01,2.200000e-02
"476","<leaf>",   2,   2,  0,1,0.000000000,0,0,1.000000e+00,2.000000e+00,0.000000e+00,1.000000e+00,0.000000e+00,2.000000e-03
"477","age",  20,  20,  5,2,0.005154639,4,0,2.000000e+00,5.000000e+00,1.500000e+01,2.500000e-01,7.500000e-01,2.000000e-02
"954","<leaf>",   1,   1,  0,1,0.000000000,0,0,1.000000e+00,1.000000e+00,0.000000e+00,1.000000e+00,0.000000e+00,1.000000e-03
"955","hours-per-week",  19,  19,  4,2,0.005154639,4,0,2.000000e+00,4.000000e+00,1.500000e+01,2.105263e-01,7.894737e-01,1.900000e-02
"1910","<leaf>",   1,   1,  0,1,0.000000000,0,0,1.000000e+00,1.000000e+00,0.000000e+00,1.000000e+00,0.000000e+00,1.000000e-03
"1911","fnlwgt",  18,  18,  3,2,0.003436426,4,3,2.000000e+00,3.000000e+00,1.500000e+01,1.666667e-01,8.333333e-01,1.800000e-02
"3822","age",   5,   5,  2,2,0.003436426,4,1,2.000000e+00,2.000000e+00,3.000000e+00,4.000000e-01,6.000000e-01,5.000000e-03
"7644","age",   3,   3,  1,1,0.003436426,4,0,1.000000e+00,2.000000e+00,1.000000e+00,6.666667e-01,3.333333e-01,3.000000e-03
"15288","<leaf>",   2,   2,  0,1,0.000000000,0,0,1.000000e+00,2.000000e+00,0.000000e+00,1.000000e+00,0.000000e+00,2.000000e-03
"15289","<leaf>",   1,   1,  0,2,0.000000000,0,0,2.000000e+00,0.000000e+00,1.000000e+00,0.000000e+00,1.000000e+00,1.000000e-03
"7645","<leaf>",   2,   2,  0,2,0.000000000,0,0,2.000000e+00,0.000000e+00,2.000000e+00,0.000000e+00,1.000000e+00,2.000000e-03
"3823","age",  13,  13,  1,2,0.002577320,4,0,2.000000e+00,1.000000e+00,1.200000e+01,7.692308e-02,9.230769e-01,1.300000e-02
"7646","age",   4,   4,  1,2,0.002577320,4,0,2.000000e+00,1.000000e+00,3.000000e+00,2.500000e-01,7.500000e-01,4.000000e-03
"15292","<leaf>",   1,   1,  0,1,0.000000000,0,0,1.000000e+00,1.000000e+00,0.000000e+00,1.000000e+00,0.000000e+00,1.000000e-03
"15293","<leaf>",   3,   3,  0,2,0.000000000,0,0,2.000000e+00,0.000000e+00,3.000000e+00,0.000000e+00,1.000000e+00,3.000000e-03
"7647","<leaf>",   9,   9,  0,2,0.000000000,0,0,2.000000e+00,0.000000e+00,9.000000e+00,0.000000e+00,1.000000e+00,9.000000e-03
"239","hours-per-week",  47,  47,  4,2,0.005154639,4,3,2.000000e+00,4.000000e+00,4.300000e+01,8.510638e-02,9.148936e-01,4.700000e-02
"478","fnlwgt",   5,   5,  2,2,0.005154639,4,0,2.000000e+00,2.000000e+00,3.000000e+00,4.000000e-01,6.000000e-01,5.000000e-03
"956","<leaf>",   2,   2,  0,1,0.000000000,0,0,1.000000e+00,2.000000e+00,0.000000e+00,1.000000e+00,0.000000e+00,2.000000e-03
"957","<leaf>",   3,   3,  0,2,0.000000000,0,0,2.000000e+00,0.000000e+00,3.000000e+00,0.000000e+00,1.000000e+00,3.000000e-03
"479","fnlwgt",  42,  42,  2,2,0.002577320,4,3,2.000000e+00,2.000000e+00,4.000000e+01,4.761905e-02,9.523810e-01,4.200000e-02
"958","fnlwgt",  13,  13,  2,2,0.002577320,4,0,2.000000e+00,2.000000e+00,1.100000e+01,1.538462e-01,8.461538e-01,1.300000e-02
"1916","<leaf>",   1,   1,  0,1,0.000000000,0,0,1.000000e+00,1.000000e+00,0.000000e+00,1.000000e+00,0.000000e+00,1.000000e-03
"1917","age",  12,  12,  1,2,0.002577320,4,2,2.000000e+00,1.000000e+00,1.100000e+01,8.333333e-02,9.166667e-01,1.200000e-02
"3834","occupation",   3,   3,  1,2,0.002577320,4,0,2.000000e+00,1.000000e+00,2.000000e+00,3.333333e-01,6.666667e-01,3.000000e-03
"7668","<leaf>",   1,   1,  0,1,0.000000000,0,0,1.000000e+00,1.000000e+00,0.000000e+00,1.000000e+00,0.000000e+00,1.000000e-03
"7669","<leaf>",   2,   2,  0,2,0.000000000,0,0,2.000000e+00,0.000000e+00,2.000000e+00,0.000000e+00,1.000000e+00,2.000000e-03
"3835","<leaf>",   9,   9,  0,2,0.000000000,0,0,2.000000e+00,0.000000e+00,9.000000e+00,0.000000e+00,1.000000e+00,9.000000e-03
"959","<leaf>",  29,  29,  0,2,0.000000000,0,0,2.000000e+00,0.000000e+00,2.900000e+01,0.000000e+00,1.000000e+00,2.900000e-02
"15","<leaf>",  28,  28,  0,2,0.000000000,0,0,2.000000e+00,0.000000e+00,2.800000e+01,0.000000e+00,1.000000e+00,2.800000e-02
