"cylinders","displacement","horsepower","weight","acceleration","model","origin"
3114.28369318338,3473.84394183746,4906.23775484088,3491.06326968743,259.37177186722,2610.75008129021,2256.82902969813
3381.13980050546,4536.4504562711,5751.67851917558,4279.13645119841,990.936443160396,3066.16286152613,1739.16859560844
1076.13325204256,2299.17656485599,3762.02867532747,2602.01295500594,294.379502002055,988.91664795971,571.47697221502
2963.65333000786,3424.83830315433,5470.14658898119,3424.36355115225,2387.94250241698,734.790424684821,2097.25410887045
3597.01760407708,4022.75600019162,4680.47247088383,3778.15127535099,1829.270615576,778.76939219381,1992.693286235
4426.33207681433,4964.54665000211,6481.30816202789,4857.12144454042,3533.62073719812,3115.30770794169,84.5714577509791
4480.55701293409,5298.65623600582,5148.24022989497,4312.571575331,2394.14315088288,425.577846599205,2765.50166548173
4522.08578954158,5299.83834959268,5568.25196521029,6319.73072268926,624.943985578048,2758.87587696534,2823.13951348636
4120.38464455171,4144.59107073221,4639.8344723795,5096.0154162714,686.200072279084,1719.79362117829,2132.67826974206
2491.37240916714,3054.25078553191,3219.63361063415,3262.98123769104,2045.23257348045,474.563402276821,1477.50662721085
3376.12540608474,4069.76062706345,4254.21522221894,4096.03095149859,2368.6205024439,418.703903476109,2161.17715529964
3760.5107267492,4181.58987029624,5965.59079734327,3955.65208173077,774.207553246278,2536.2852953015,2244.86165432265
3714.00072283321,4519.29332245501,4912.78501198372,4994.99816094461,1982.33319350595,701.891105806962,2757.27956706263
3855.27720615795,4914.17230499639,5533.00991978076,4134.55775011415,3134.35743545994,249.573157786071,2999.06757670557
2365.46781203267,3138.33539901811,3221.91529992865,3387.09349287169,1565.04352973256,806.521266302092,1541.03430068937
931.876692235349,2970.98489342149,4238.03877390272,2663.69054958168,1327.79934155138,1017.32730433769,692.483910043344
2807.33263844743,3268.42743771292,4722.37972498797,3622.204670049,1827.32067134948,357.850677617701,1752.14125894279
2554.24362038165,3226.13648387017,3772.47347204266,3712.04017424587,443.472214834938,1578.0538754747,1747.44395933443
2474.22567216615,2860.27397317262,4096.93146498193,3096.44571607854,1456.04283687568,413.645273537872,924.04687270925
2911.04614318173,3982.00759869278,4410.57677702956,3244.04495833775,2214.43840452019,209.096049420682,2034.02895224455
2653.24339510069,3529.12238601485,3989.83406087846,3943.60837918088,1412.38702346399,877.079622072761,1188.69415702604
1944.13807066523,3090.09550894931,3605.75886064955,3527.43975052566,912.062988321106,493.439892520949,48.1968863194826
3037.07519673795,4089.86983502588,4759.38989771581,3986.01410236894,2387.50266656547,982.071139698967,2278.10858106169
2487.13700227729,3107.24596040489,4276.43311264331,3190.09197464537,628.671197994112,529.765161537228,1881.37928879293
2547.76181613478,3036.62305262016,3243.26500548628,2425.54839031899,590.484725053797,1743.99518934649,1775.32955942571
3805.97685742424,4828.47519474516,5037.41157115988,5123.32017153241,3463.10078454666,674.103951006319,2458.81712338006
4801.98827770951,6822.13286713218,7062.42609842984,6180.75560980453,3427.60006270095,777.284339192474,3212.18837577075
5083.67424237586,5712.69563624035,5832.45710084174,5641.21894812514,2810.63199670312,1208.86755596746,2880.11727766865
5313.93126559861,6019.16298851728,7594.21312493654,6175.19614630189,631.985264812706,4603.17597860426,3304.44693614164
3503.16865777809,3933.83424952197,3650.73450924998,3792.51454291785,1509.01695646084,560.494558063205,2281.84979282093
2144.6717634829,2612.57769407746,3032.47755905225,3174.38819594101,1196.85035574406,478.843276445988,35.4661840560071
2313.37513008685,2967.25772403308,4265.55818277783,2846.03205745599,1548.28640274091,473.426173334506,1106.73610110282
3239.77564444443,4171.21561649408,4625.83967060694,3781.95948158606,1981.32480290115,579.446219980903,317.110105544982
3878.62132495402,4452.87483073736,5566.96940185371,4505.64100544949,3059.11640137717,2783.45732713845,205.376208466699
2943.85745956827,3680.17995354547,5110.70515951925,3971.59513076018,129.413509426358,2065.52737251061,2198.72547497395
3504.72294670638,4062.28719535987,4013.32961226233,3683.47472909029,383.556518866299,1817.54733638939,2393.0589156746
3136.54826659635,3615.63537051457,3916.32550288422,3414.99418204985,513.277173887484,1716.8069155381,1839.11897328105
2458.04361166692,3048.66073034981,3897.05916270467,3097.54952419213,494.405184357515,1260.21864963619,1620.95812388465
3267.11884864142,4319.389888207,5595.56337397608,4628.77826551821,299.726060506982,1273.53336047336,1377.43008106585
4412.45800598817,4959.8683398145,4685.5367464743,4512.04960555228,1989.34195486008,338.790286605246,2990.24671257031
4539.44631693546,5226.05852052205,5439.47519925609,5076.16519544609,2816.67011929438,392.484376854939,2810.26562144058
3404.92999802721,4416.26902100611,5029.01500521349,4363.23249234274,3316.09285516097,2015.76767607604,243.745300981659
4438.31182799136,5319.89365384383,6620.48405610095,5490.7503894443,3752.70427049425,3281.67439542737,458.234173060558
4668.41325691354,5145.11151004593,6399.18963896533,4773.94890576517,3271.79252194077,3156.89436919128,557.373377179487
3209.6025287565,4874.31303567874,6481.38774146346,4682.85233373325,1187.44410667826,2964.92987175842,1952.67156278106
2306.08648733655,3040.18738813141,4306.90883854784,2746.43255868877,1940.78966372706,278.639137178932,1375.58253569856
916.333825246848,3289.34227902387,4338.5039554919,3054.11007973192,940.909590740643,1549.19530663005,1635.68064652422
2467.40310588395,3167.17386761118,4902.34883709009,3248.3691155252,813.588361534171,1529.69606392164,1506.15402928261
2669.1216438683,3072.98243137051,3361.9501061891,3306.7758192676,1424.31792978344,430.22474728614,1748.23366384197
908.080179165393,3011.11376935358,3992.06047829304,2705.29451801487,1254.68498630164,2050.98588811434,1158.47090847323
2205.19833269151,2840.80390883903,3190.95032038494,2267.62637893958,1049.11143199272,262.512278042337,1550.42676835298
3343.58823019171,3597.98359513086,4781.0647473143,3145.54455940838,2031.04526033671,518.46709975446,1998.85508371855
3160.58665857845,3863.43397555457,3828.93170599969,3274.54693272327,921.064924944158,231.274945253976,1693.76822629633
2877.65603411311,3370.09755158429,4545.13704374776,3253.56284449967,1758.68253984709,573.869117415274,2609.31961376462
3206.95286668625,4037.57587253487,6356.67303849036,4255.68204062093,2811.926290735,394.87160082667,2384.69287123989
2638.07790279693,3186.39715033111,4391.3619772528,2954.22937862865,1654.58098360012,236.868155476357,1056.77556741146
2446.86699854096,2916.76623613042,4142.68634237424,2970.33318273977,1658.79243272495,615.895929319649,202.165846569286
1141.99758024049,2972.65355179802,3662.04290394975,2895.60473250893,807.185458882206,355.276304175231,960.720544066189
2701.25911026924,3473.24329633613,3890.26126963326,3396.83785063399,1659.48384616999,1274.16427658332,433.738941126202
471.561524414324,1281.0615241867,3528.50422865071,1914.21757746419,545.707158118815,951.156287849849,999.286020201764
478.064303598402,2611.56942553924,4510.99884522346,3142.01183564312,419.581126833592,1768.41712798887,876.005735489541
721.029505816523,2269.73747078196,3644.39868415692,1967.51130843816,629.545136983217,1276.50157195632,895.224528027454
3360.40158077348,3912.99632915228,6134.35193213239,3857.06663274552,3112.43140476411,841.900737187419,2304.67037260804
4195.60437773396,4860.27634009509,6037.46094807331,4936.64405093862,3311.26060143074,680.950897716702,3472.15469642857
2954.20456420578,3562.29415838082,5567.72228752237,3672.07485547617,552.214579841419,2015.99488595022,1705.01317692171
4832.29786787953,4920.16562186032,5402.01192604152,4692.9527079897,2626.0484141093,622.237399619158,3231.09951240795
3210.51342185096,3512.04320143058,5205.62231730598,3747.45134810695,1964.48583198226,1963.18734256352,161.704383000968
5483.23709310334,6342.36165247981,7953.48181727484,6245.3037041483,4582.45989276009,851.872606244219,3634.91041259756
4774.01777601966,5461.77579332375,5574.47718167166,5285.63092219815,2737.27469981079,446.037910929518,3579.92002597883
5210.85908258213,6659.33155807795,6514.5803453529,5741.76575700387,3641.21149436085,3643.19888546853,78.372904781485
3942.35144893927,5055.97781065469,6668.473211241,5186.04102275684,1206.87048586208,3381.04259839458,3054.02005352141
530.501819842061,714.030186395599,3866.9301634876,1990.81687957548,1440.6763906356,1418.69127121599,202.974301371744
3157.36803670429,3572.30325713254,4863.45741591091,3737.06622102184,1843.90134447142,2167.47909437711,300.859248305081
4725.18768417824,5535.84802111972,5633.96905385409,5387.36765548292,2997.65840141965,728.829222772088,3153.78727309362
4511.09816476706,5604.8948190374,5904.26444638541,5226.38581500092,327.52317870406,2902.80352690382,3409.94127309312
4687.6512944789,5641.31352045532,5561.71487473577,5524.76784659584,2718.24334325812,453.007271514589,3275.65448015925
430.796728535234,3627.34988288646,5411.91548957428,4114.97011574455,1821.84375036858,1277.0660578932,400.134754151723
664.966401291264,3118.83027960637,4456.39754444308,3161.72328841521,1218.65704972494,2101.82275549779,1803.93617544499
419.320293755095,2594.4794179531,4209.56335850251,2725.78801972775,774.341102738236,1573.09894294294,922.877405248385
3305.57312707838,4087.47801270799,4793.89393326902,4023.56378412161,1048.57771899929,732.634382513221,2697.72477616633
739.346008732314,2873.93945229531,4196.80397969787,2771.23167832088,1504.04697861473,928.474102303362,984.459522121892
2200.74146272096,3155.84737755921,4111.13705704038,3074.43931910576,1924.39130806902,318.610178742468,1921.71724018845
845.377860721791,2788.77850448354,3867.42488139575,3117.01028313698,1000.52918541378,637.318348507132,417.273925965242
3301.16818761176,3956.26869191104,4949.73893397242,3756.99357523213,1700.75356021728,672.265615437715,216.425647511304
3222.9540945712,3721.69425519232,3703.01738697982,3382.38676864355,1021.14033230576,307.260078676649,2097.20792970206
3881.05689633891,4675.66750885009,5812.03221231644,4495.87033544547,3377.44154710721,430.457645557713,2716.19652565776
4143.8021485345,4637.67446948647,5147.77177994873,5278.09261241382,508.33876859978,2586.98078601537,2589.16358190112
5116.63269435192,5514.76577629808,6604.30860360883,5604.24009542334,3176.70206877432,584.776945871811,3410.67712165076
4796.89724511023,5275.2547984154,5138.08318185215,4704.74505362648,486.773940789335,2437.60673811611,2574.21356396684
3670.34836082972,4524.98650704814,4370.32445505639,4211.36863416102,1916.19080937865,736.851214908825,2673.49873461745
5031.2607676941,5781.8814427943,5977.89070908394,5633.30100876642,3216.18161788818,350.562476954438,3464.58031633184
4914.7623081028,5481.12879165313,5737.98542532724,4912.70462944585,3187.47574203102,704.943588846718,3147.37517464625
5304.82910368655,6287.57246873125,6397.01333692403,6194.98679512164,3300.98778888487,718.677991744097,4153.51313566684
3377.45844723067,4186.02029378574,5720.80382596717,3962.76571152463,801.234855130856,1190.16990369224,1496.87194617496
5077.50203488684,6349.69789668734,6491.06141280567,5806.01749324364,3181.81255762687,814.660844338844,4360.55170546613
3647.96477627907,4334.8530397337,6764.84951298789,4548.07758709479,1138.22350782016,3554.82795767457,2104.28903121723
4191.56550013406,5446.94202898233,6107.15469416815,4827.27801041207,751.353277553894,3301.8496772712,2503.46414596522
2517.87466723136,3385.00470204558,3838.71185742343,2956.67807637539,220.260741605066,978.282978474926,1803.14320952582
2926.7032335097,3877.19484264939,4194.11416213875,3960.86711949313,270.880232339432,1965.54895000774,1905.31637958941
3612.84363848709,4306.09333865503,5120.63684481003,3962.37836973167,354.105971659665,2562.52611366773,2115.59831988889
2293.80208658242,2941.32319021754,4727.85937315594,3449.92884460267,1198.60631160565,1464.62221912466,375.082561221936
1981.44332282318,2543.14375250181,4347.92348739088,2877.80263190987,562.852232115579,1643.32270845742,930.832398050897
3239.82641178866,3638.38156706829,4181.48077581598,3810.5252453186,1982.57325611916,904.978402770879,1740.62802963366
5670.42825857019,6578.18587836552,6566.82684348117,6178.96340181357,4349.89379442896,602.355189019665,3902.82765731402
5112.64488902636,5905.41372724809,6673.31226960895,6391.0518758193,4099.78975410403,583.430746654022,3397.8758082855
4069.40771184737,4582.00991903707,5675.8421990747,5083.3762575036,3027.5437931188,433.478481094104,2515.1945252968
5865.5184476642,6434.94233199219,6354.35445171504,5655.14027557943,1143.60058682632,3072.98535198362,3587.24583273072
3078.22934700822,3782.7718338234,4284.66072318184,3635.13404206822,523.319424894881,2024.90034527428,1683.25354144461
483.243355261449,2036.03960306388,4160.45464820586,2832.61513590755,760.032285826837,1142.74077777228,95.9333784148888
587.368100932778,2862.88011746961,4113.23040525861,2785.25891562259,1111.62330934788,1631.572444728,1628.37884314705
703.925709704077,2157.33966471195,3922.59595420876,2216.95975244452,536.934489296296,1076.46233036025,116.247830935876
322.799606205015,629.11433595127,4277.89926523083,1770.57796748356,730.251076424785,1872.339233536,165.654763300269
346.757524851718,2753.62436291078,3572.88074447919,2793.3819967294,603.918632749149,1459.1041944594,1596.14124193211
1890.331175769,3051.32775395732,3952.9034136402,3215.09757043802,988.515827548648,1330.9147354086,194.06314968233
2462.92300271363,3189.19086224477,3009.63625469198,3018.8979170246,1151.86109815519,363.291014707642,1283.71635608222
4139.34197228057,4904.64694508517,4918.56858016156,4471.16942583316,3333.87547392264,423.331813259626,3166.7432945899
3210.95874470832,3911.28993816962,4687.07145511933,4165.28502406346,2457.09231831989,800.819743679973,1758.53163849447
2815.39864413351,3126.10843914846,3997.69348379068,2792.45516761767,1670.04267903228,339.240334342805,2063.0533083095
2765.54034996967,3349.89638081274,3331.46522380427,3097.44603354606,1372.61050471587,574.772749822462,1857.21793951422
420.783292447891,2171.24513720088,4154.77826925738,2612.39241113176,1193.56572857436,1800.59734401479,1060.46565449342
276.77497188862,2784.47796126539,3820.22264172682,2598.16723078471,885.898392340086,1276.09370575783,722.978116789174
3758.11269564394,4225.52693617866,4898.40065716062,3742.71594741644,2079.99270316905,730.77207496404,2144.30193004066
2190.50224800132,3063.99420603071,3607.73621387068,3441.61682525065,1898.06010053368,910.10306168713,1256.24093149648
2375.77289101682,3191.91005568893,3583.70510816134,2928.07796657923,986.560845170171,1778.52140626603,37.2053524792265
5855.08063502521,5949.64797369013,6372.94652983578,5808.08763820343,3392.67650002747,1019.9709711383,3805.23324828042
3299.15598269628,3610.71864935396,4849.36082912099,3864.53973675176,601.109278138377,1776.59756457401,1510.81913769225
2566.41113817807,2992.42459206029,3623.07330953953,3596.96738442261,966.9634007018,2368.82550922866,1103.17183137877
2886.82216912209,3387.22572639245,3332.31437651772,3618.02709155202,304.393655006007,1242.90818761569,1809.81532617537
3789.48131469087,4316.20580192777,5119.65770586114,4980.24692828231,368.133942891271,2209.06580617968,2337.38075282408
3573.12839067194,4435.54099622193,4186.0164181333,4309.14781760164,1886.98863796354,396.598188816434,1831.04666243831
2318.26982647689,3095.43278473601,3907.43275558155,3115.36033532043,2141.42815174713,1416.40546615174,520.855245499655
3183.92307103261,3738.31515846561,5316.31686521516,3809.58239039474,428.607290337385,1864.61947613689,1734.39784879606
1959.93820688161,2826.44979935294,3924.36500061569,2589.31272394837,1273.5165895016,879.334612801406,340.342735902137
3246.28169980753,4097.07554862492,5814.46361131057,3922.65122623966,427.1988039933,2370.75648101898,1694.47648871234
3152.37241162173,3882.46985561781,3713.18833037704,4024.01432688393,373.926257647134,1482.91568229684,2124.13328599696
2640.54880957867,3233.06967717749,4574.20900985763,3130.21691863405,227.180628072496,1658.55402111195,1833.53529799898
2350.0724371177,2763.07015876445,4170.15661681066,2607.77253444221,1496.56375429557,1721.37746233556,294.384284468324
5054.86146220965,5886.79730797815,5879.60088944418,6150.00051887434,711.144204743191,2873.58137433688,2890.6298534989
4487.14111127172,5240.63867912563,6424.13756385223,5440.44733401833,3903.78467388551,3730.50385850439,54.2578627886001
2970.36295797896,4157.44238060869,5069.6678115041,4045.97812835837,195.482613537022,1876.20603246702,1642.43009255485
3594.42895126806,3907.08873512182,3862.49080067134,3754.532551136,404.193418990302,1413.89035387192,2228.81167067923
3249.63591666667,3953.38958011299,5267.39798792208,4122.37414928657,2307.066299337,328.930533911955,2117.24042229195
2272.62459315252,2816.44334249942,2980.48258736523,2418.76519463653,1162.84495812866,521.859845085955,1611.65591110929
3090.02369562824,3508.18793195763,4446.8598031848,3651.79311733004,1858.33347019301,649.894697813143,1938.72649164041
3517.24925228666,3932.97049067732,4878.48013497538,4202.69999704164,2204.26082547707,503.003612876142,2281.46551943296
4605.34438214916,5238.24280487348,5402.68740323501,4350.97109794002,2740.79001506693,492.374713499001,3290.18114285611
3168.81622039621,3631.03887137459,3973.64157751587,3979.80811873726,1473.79320926249,1025.90712916735,33.6580496632999
2319.77191775045,2903.77470918685,3232.55828174026,3187.54519275695,1367.99300684381,705.897095054642,1589.65970606387
2325.76509098815,2951.59972048915,4400.80064710845,2949.16732718333,1574.48913478299,356.454497395816,1552.60318764679
1854.38965750162,2869.40203614363,3048.84873984826,2550.84001308334,1437.27663353431,678.088254243589,1206.68089037971
2963.17940182085,3862.70997502701,4217.56098191747,3410.55533345526,1380.50055554853,436.201632595569,1251.91670392347
2947.29061811697,3014.55270960883,3471.92146969728,3686.13867364691,1468.16240407119,424.073760572707,1766.20594823295
2752.5189966255,3150.08674437728,5066.74409571548,3329.75540530139,1901.93417977825,2334.83697164322,267.860115845962
3367.82354517065,3911.67191842615,4918.8786316771,4120.07601862519,500.499598056116,2319.54568166318,1905.75007401232
5088.21148878968,5856.26902357147,5755.51066087369,5128.58453802883,612.20273978429,2795.38020250507,3011.31571859292
2895.32758129158,3222.81716157474,5037.70599208002,3212.52264486075,217.729367920251,2263.55382094699,1932.47304591074
5392.80965603722,5829.62405357951,6020.25938163878,5593.63876222998,179.58091422707,3079.64692244574,3365.41968302469
4524.54478479421,5022.22585896085,5325.45192817914,5394.99810279743,2153.74491394114,569.965534227228,2851.51831329526
3509.23547470598,3947.26153139395,4146.36548454774,4279.11501594806,1707.47544463024,471.796756797637,2126.85620594577
3783.22938274326,4688.2157252174,4556.22202766385,4038.43062354101,421.447917696166,1980.10329282177,2571.79376070553
3241.50014269076,3964.20440368134,5251.39745692928,3856.84440136289,350.243184608208,1644.21249870577,2956.67134906466
2469.05046943446,2839.43459210461,4740.69134586328,3186.03486967645,230.545077823321,1938.13837629595,1715.45538545821
3070.61342514465,3711.34327271095,4718.24570113225,4119.05475642527,250.418525751545,1868.25835509813,2515.22393686994
3395.24427422428,3643.03179470782,5257.04421325305,3470.11045645583,424.567281690947,1692.50070131338,2288.49574429437
1306.8845676851,2523.50702847756,3564.35274189435,2597.83636569721,907.462848012327,334.846087820907,551.532595928693
1328.72351987426,2314.36403018552,3397.5338275665,2362.18097701302,343.067403529348,698.132508614147,978.703778580952
4477.55153511532,4854.51861822314,5500.34507362663,5367.78421629417,515.4847544843,2864.91946586918,1919.44515234877
2930.40958896297,3390.79383948508,4794.27416880721,3378.35646407004,470.843038318904,2052.41231045683,2262.56878026199
832.533109089846,3674.87340433358,5125.73303751258,3936.56408147109,1330.73547980726,2991.82006180222,1813.12125803781
1829.86246680709,2219.26488946588,3408.77562368204,2043.07346345832,373.664308748778,1711.64324733498,1373.1873013956
2852.63933108846,3349.95390078513,3774.64136294954,3572.70097942589,1380.72336194787,1701.53108252365,190.801844775957
2458.25151389032,3256.7090680385,4264.35322026927,3403.07247896488,813.761443259591,1885.65533392069,1598.29422396147
3166.14538284207,3595.1149169353,5032.32925729848,3803.42857662895,2185.42310486169,218.688200524233,2116.17126736265
1153.09456005145,3508.44460070106,5238.72191304373,3554.25937266194,1390.92317917804,1415.66017410011,822.626909187216
2313.91335395148,3123.45504491686,4374.05567956629,3089.22823256641,1022.45824121623,857.38110841318,1245.50318548775
2733.95113531869,3314.77482441272,3601.54255562129,3595.58444329804,897.061934253052,364.152217816503,1091.25900582407
2490.72202672744,3034.84441422513,3272.43400217439,3536.00204229255,566.044965766332,1173.22890092695,1611.25601612614
799.413243532957,2823.46671136448,4379.57400239353,2904.46375538054,998.526628090018,1179.72748028821,368.598673770532
892.737320768818,2482.79587212326,3857.38143053756,2706.32270619025,1021.78507186735,739.281914443174,1173.89833650676
606.638859907201,2470.62379044127,4416.2263460626,2987.5762591475,735.299973165967,1448.16289127549,859.954079743056
2894.04892193813,3710.29331872099,3679.62497608975,3457.72840823594,1491.91701460673,381.174437950302,1390.06696547343
3635.1052761016,4410.29069251532,5860.65868898602,4554.10227543077,2826.73303192496,468.531219179064,2867.58317898503
2351.48288937598,2588.55659456294,3482.47221576377,2893.03983159782,1038.70129965739,196.269103130846,1048.22690307699
965.229074829932,3882.11930842094,3871.53384827345,3354.51740229643,900.235572760771,1051.40470435498,1198.04652213551
1915.83706482515,2884.55337969638,3447.12082071463,2846.96269684351,1344.42716643397,1466.74189272404,546.679736406541
2560.08370997948,3426.16139090924,4217.06756854113,3834.56178014254,1995.03836389647,1611.44749178902,512.781355048521
3174.56243882988,3837.6256457709,3856.57388280338,3563.28162351128,2026.82944413541,496.852425942998,2393.48162730433
2167.1058469841,2501.9143403035,3580.56966867934,2264.24371918204,202.93668463077,1594.20519209627,1383.19954673508
3890.75154153059,4554.86032795762,4418.10105438487,4935.32984532941,2122.39950045978,498.865336373075,2966.94956955879
3197.17836968254,3893.49913943135,4201.93118495102,3944.92322903782,1438.9994695576,425.35451713784,2252.27296313492
3408.9895304478,4388.28208617638,4572.27462737784,4596.25643075612,2651.9869163892,483.8082228203,2539.95629559695
3099.88452653517,3400.71477833873,3744.80031580375,3796.99206023165,804.906566925114,1496.85776749847,1860.1734866897
2128.39378195973,2470.62063874622,3812.19149110795,2568.88199362317,538.041984876452,1122.23084590225,1112.19403264344
1365.66320128032,1902.38560964466,3505.179264548,2174.3294181177,1520.30999822722,1457.335874985,307.321718466981
823.673359677644,2543.3673934813,3241.88120124918,2579.64553657357,671.884584594622,604.29331829041,82.3458283244521
2786.89522964948,3470.58337328586,5384.38516822424,3425.81890971371,2665.19991457173,1979.89486439862,122.998135979397
1915.37542379825,2726.59971656952,3278.23443081055,3075.4773118137,1228.9575998522,562.878138726719,80.8365342809022
3424.03195447119,3953.39942235649,5200.81527076237,4094.65034659661,2442.43294577306,351.114536531434,2491.2712237391
2596.224270233,3337.59892581659,3788.30887827796,4014.16827902435,1571.62979460089,568.421650039911,1800.93550111604
2542.3838317586,2871.21755088121,3673.87701612804,3161.96395176502,347.553056608859,938.025997600492,1807.99859184971
2548.27644778109,3064.43821160399,4590.9642463096,3041.98035305179,191.458438032209,1748.2543137328,1770.69037610954
2036.51832446212,2949.4666627133,4270.59522614381,2717.59001044361,1319.6391536033,1427.18510832247,408.028697181137
3598.56985486712,4337.5209916252,4869.45648265109,4693.29436261716,313.747975865311,2215.02869661722,2806.67506290486
4164.92073910996,4999.56744903309,5208.81671196775,4632.14539082123,2241.96899065131,568.394674147457,2690.23296364747
3551.58288455085,4148.39625303735,4164.32236535029,3996.89231893527,1197.84532331831,394.465048519845,1346.96591625599
3627.69406338735,3794.14630479349,4086.68025229944,3914.60559124952,1971.9551082113,397.060201874724,2265.47425885066
2570.89786299471,3448.79682508023,3348.71583527425,3147.14964452748,1130.37586211535,816.080336171111,241.448496004324
364.05444610282,1948.63009310602,3356.24176710966,1937.55615943488,1006.33909402402,1148.15145368573,123.654356986763
4278.92887263897,4517.45364789002,6255.33102617072,4324.49305349602,3013.18285257877,2620.10644445927,383.0259129463
1008.39063883283,3235.48799192027,4400.01241980024,4123.08870798825,609.871854439237,2350.03403562202,1082.72940324973
2568.73754715592,2873.54850348352,3979.29900310984,3005.77902075952,2257.06498265381,1980.6147355672,121.618445623252
2037.54250652541,2345.62215910634,3969.72133706176,2471.54085622125,930.871309290761,1090.7198061431,352.766936214093
3912.76641848277,4255.21107334429,4350.69041728344,3959.61299905934,279.254514520782,2431.33047619085,2476.95566010755
4457.06390436945,4631.72351802373,4452.6181083182,4565.06504347319,2005.0042506821,1048.0180497478,2603.49700876815
3693.23209296255,3909.27819633821,3922.77491265386,4484.42126703743,501.742952937057,2010.74408563666,2155.49629684807
4165.16434898122,4626.63731618128,6671.08034772706,4540.93323265831,406.339422070724,3381.55582719655,2545.22349463979
3863.94734680136,4916.90368827863,4802.14289549148,4555.68369157969,2294.24361990987,637.234513804716,2997.64381111112
3335.25257448147,3756.59165156873,4579.58670181561,3723.3103280115,1746.17988567528,1387.28498449407,23.8901509492686
3971.88486844817,6181.3556708107,6108.02809727898,5612.95105673073,3095.12648877627,501.147877120121,3019.03363421742
2572.94665037659,3210.72328528022,3744.27936334898,2993.60791850905,1407.97075056902,452.587364004914,93.3859191292181
4820.99069133874,5395.15200812254,6298.50979632884,4920.35235071671,3351.66148992863,522.6826572306,3087.54032914769
3705.90689636847,4548.21885175467,1004.41126111426,4063.83914207767,2207.23758380362,2106.17942111037,3005.30776233287
3556.69334265117,3699.6519936231,4298.7912281284,3628.20926760245,240.881583917124,1183.37036492107,2199.537424001
3415.34574853096,4100.92681531763,4350.45742268083,3896.06390199864,2548.73959701084,465.683389258668,2502.39397311367
3529.29108337844,4078.38406144273,5504.01861590108,4398.99562944028,416.046746047058,1918.07940316752,2553.24396196649
2508.56555179793,2831.67110521356,3541.79045971317,2590.25432325309,411.955557540421,1358.28717899231,1492.61772579485
3401.65030214943,3859.09750241892,4136.69882953807,4064.2574657242,689.154719062168,1750.84283326837,2378.79635163144
3199.71754114346,3492.22289087596,4731.27733020128,3383.71557589467,478.357508481096,2239.53039307246,2017.01738900458
2316.72276161734,2663.8597347183,3857.73976523685,2886.98051232437,551.895153643995,1943.25383908737,1068.89052958926
3289.65227238436,3534.61714047558,4015.75018417931,3992.53950714467,1653.10835190628,364.700468124723,2080.95271570664
3883.91205081039,4624.42288020802,4296.7675892959,4628.77466517987,241.716313042589,2127.62641033491,2408.92716880257
3505.676953907,3921.71108336594,5254.52491120175,3978.82639785926,2441.00572509857,2419.96807463712,194.569205470898
3773.90627382049,4005.02838276619,3626.86771858184,3701.73686943361,1162.34946402804,433.459839700818,1695.17454781768
3423.66122570836,4099.07773759198,4088.97240465084,3627.50028725778,1248.48574256569,495.832188459819,2273.55251066512
3079.48067239229,3581.63169447612,3849.57244692589,3470.13732018206,1716.30816619037,1861.41901609672,342.642985312649
2249.99094912135,2891.87200744692,2954.55612231048,2423.57218734679,808.916625580995,538.469401345786,1249.73529486371
2260.54331264002,3214.73322102641,3101.86661922683,2545.48776484427,1046.44913033041,880.487650320273,267.79875465476
2763.33675628691,3374.95125691996,4987.73922650129,3173.07533207637,2207.09280967484,1931.74267654402,144.551178134128
3352.00155906695,3988.86390160411,4264.48618036456,4765.26628871233,1994.93288225238,2102.19856049907,179.036121152717
2843.52637739062,3449.06595010399,4540.46700621797,3454.45609442274,1849.2238177439,219.0649847924,1926.80664694573
2423.60141786622,2755.85995596308,4013.52299981773,2925.06358716781,1492.89438719092,1126.31490139964,288.847387369749
3036.31545834167,3219.49560378272,3673.88190383218,3127.25888672107,1627.6751198121,1511.11001682478,87.128508490778
495.141543495834,3212.57202708318,4656.09894942339,3368.54001297284,1867.13671918914,1758.75118361709,1179.21321447788
792.432870776356,1137.80570949763,3255.37218791014,3439.59380172952,1096.0431185262,1477.24637907295,79.358333495909
1070.18228135428,9262.09774917041,11925.509403289,9584.9521439403,6984.47757844389,7226.17754667447,6313.52038577755
4188.78310068491,5407.5681619552,6714.47650905428,5356.3407325713,1670.00061539168,3181.82978657976,422.192755897189
3975.91657349111,4559.86390389477,5904.85417786394,4446.41112071722,3369.55117650007,395.891948752984,3537.29907693082
5510.94704899997,7592.81642016606,8687.42893324399,8465.01473035666,5787.44007048371,2112.69976801674,5306.00128537924
5061.61361567458,5652.64494321283,7329.27388329307,5954.66651738564,438.019027640232,3836.72182440115,4311.64012371395
3355.66225977098,4177.67121568422,4305.78006500778,4029.96017808729,657.366337901615,2093.40643885919,1957.84299477666
1707.38562539305,2733.82870195477,4484.76939587117,2900.0221233592,1368.71716350131,1268.13565276001,171.723568275337
1045.60505911189,2614.59002132462,4256.5049087819,3197.92401796613,771.797907903344,1597.12961475061,391.779793202947
1534.27707009067,3337.14292861767,4920.36653656762,2852.74901769352,757.281945112132,1006.80942325576,307.284443095428
2272.22779675584,2968.48003026469,4421.09183267383,2850.48173039435,826.47518218791,1452.82490264518,1690.50816571081
1578.95078062328,2555.05942341866,4287.69080956136,2483.59662399523,651.711779409905,1763.17646948635,909.339394240747
2402.3567602804,2847.68671912497,3197.45808873769,2702.11270191865,1042.88423026987,1234.29261649174,93.2726444320832
2329.5722723163,2927.72991972883,2846.07175436801,2835.04019526988,386.612705262797,1286.67575207058,1419.51341192993
2259.27278257311,3274.13286508302,4825.15635203311,3414.44449574817,255.835661979981,1506.72753239126,2289.59719274236
2665.47990600766,3143.03420824325,4060.53499318339,2885.88301367266,391.407383687541,1459.02197841338,1607.31139247604
2551.64983630172,2845.45801378161,3329.75332009334,3223.06316444864,620.919870407994,1310.00783603838,1234.13591284722
2447.98901095417,2918.49381406667,4157.66903030018,2873.03057977388,267.904805514812,1160.03278067643,1668.87908727789
2573.13186632606,3106.51286015424,4607.76520013228,2631.0881939228,484.482582515754,1399.43946148155,1380.52652146754
2651.66769239957,3372.17859221023,4649.4610148012,3737.78116491879,595.353736542445,1612.29970018631,1858.86963221652
2428.52387207052,2714.52343853536,4306.13763492597,2602.86269548559,372.84878309028,2165.39405535729,1342.20412616722
3002.83633071618,4033.02754663357,4978.29492376829,3710.02689262938,1734.13996821671,2171.40365371466,512.955512974261
3318.64071666666,4263.02895140969,4351.79178110569,3907.46791876491,2760.27704469756,475.661438221698,2400.29611064814
2774.09191927223,3246.86703975904,4181.44008674609,3153.93615514745,2108.98195690487,2140.8699451402,128.581880111111
2474.02433358438,2829.50966403646,4514.89564388815,2752.41755449162,280.888254767236,1068.3102709619,1137.83656195622
2468.54202202918,3482.76235434687,3635.18903357543,3926.55964735247,1379.24416477058,812.857743424845,1225.0736325995
3635.45770469901,3832.66733822329,5240.21998775155,4069.6699510597,1670.92265017518,2175.19162761199,100.481724204976
643.644992088682,3444.94445986985,3207.60031850766,3259.51036047692,632.411841742743,828.156504770624,135.279497040296
835.684746059195,3839.94189232586,5378.65398005782,3569.74136393861,1099.16739208693,3059.93282406037,1467.28132966745
1324.13781174182,2798.69939660408,4270.4814972432,3043.74101172087,1000.83398401001,1820.37946677427,423.843747664068
859.246229768121,2295.04762924321,4008.657397504,2869.80845682979,1742.05978912826,1151.22489307253,757.708560317461
3101.17065427226,3517.53847774743,4896.4532409006,3363.62456048418,815.464959710799,1605.7666229641,1237.47245323117
3717.00196270188,4191.4814944566,4718.43785812822,3917.06657119556,2199.21373841352,1063.26774348319,1576.7310743634
556.764353218207,3578.98256177605,4943.96522275552,3553.30307446839,1295.64124571902,1270.20410524419,1317.70824150574
3411.1347988129,3477.17609186748,4606.69143571684,3841.89488625699,1643.67868912545,183.309585215308,1171.10691157734
3212.46295111111,3709.22285454264,3405.08594096455,3912.68771376624,1453.08631408973,706.11199837231,1901.81491711914
3353.1281361498,3694.54820885263,4596.46656497727,3638.85241884659,2713.14771385398,130.490336140345,2613.42441305656
2821.42970052438,3097.96829788465,4806.02157005607,3355.16298480536,657.717061670499,2428.87933496715,1158.65946004283
3124.82446985648,3627.35903304092,3682.19399142872,3728.02681622656,560.390452189826,1502.93349850972,1801.0269453348
861.145125715808,2491.93719854216,3998.80828227252,2611.88053227244,1119.91517876568,1526.72608920622,770.482449517245
2240.76952336693,2626.04686525647,2926.6691214895,2484.52436215117,593.44775081124,704.93954472461,1411.05041974358
2522.63198340217,3140.28210961918,4126.22568668968,3154.31223247149,1653.27534324047,851.795526316495,1630.49361359101
3629.96312761814,4328.12763344143,5717.87179245499,4341.70068793531,2078.88740762378,634.658235112917,2459.36088958656
3536.90225593399,4207.80020275208,4301.84430933968,3837.62865352605,2988.05958951973,524.839137046146,2641.69098209152
3606.51142207038,4049.74786349108,4283.74455858071,4125.90690523482,1745.92350030072,467.263400615891,1902.99872909123
2212.58115605129,2668.59587778455,2840.74647078597,2648.86393052661,1038.65411520743,530.415706723238,1255.21013096255
2712.23822815327,3566.91802200932,6063.08870248824,3902.92903943769,293.077434643234,2084.2593315637,1826.67529609591
3236.09545255458,4009.53325910179,5551.16415311224,4089.74069813063,2167.55556203278,429.251725588951,1928.86843471181
1291.10555321428,3758.71620467536,5464.48861166489,3777.92983812862,450.066970173376,1095.8580390619,1508.08975397435
2046.30459745846,3686.56971727754,5188.71726013883,4134.16661853594,293.317968804665,726.191018250039,1369.68153660876
4588.66327273234,5058.06963774109,5631.38118255151,5591.55750223349,387.377684931447,3113.86974756667,3510.61698821848
4533.47596828595,5080.29773282251,5867.14853380268,5528.21096659983,2714.3052736757,976.18570366962,2428.3274658703
5328.13576851153,6095.630821623,8139.21175669465,6769.25887007542,2858.58308322505,4902.97194989035,476.676352301971
3036.30561865349,3288.54978218272,4731.23880225145,3334.6557969677,1887.94776547904,2584.10261685315,129.759066349206
3191.97545890654,3616.36447457534,4796.85470825257,2923.74689623161,2417.7414532894,1884.62155652185,406.55255893464
2625.94335780533,3618.59540669074,4298.11467977264,4027.70866303054,987.28795797141,1563.70850260133,2031.92813066894
2779.86545555554,3192.04678856321,3358.4216840798,3179.83695378609,1434.60430623669,316.006754233882,1674.52305871342
139.589737565067,2457.75999067605,4920.92737671383,2753.041182226,1040.21092391084,1774.80003697655,471.728155460024
3837.83219124355,5070.81091521388,6267.50543611692,5093.94527700168,1880.43825670919,3913.89923012973,204.383432635656
3860.2281449779,5031.9946930338,6165.03512551757,5146.67757958981,1243.95008063853,3528.77423527764,690.784998789455
3309.03135757973,3958.58323480971,5103.50792899143,3904.96259616169,701.634932588716,2804.92382442306,2394.27816900607
3781.36218735258,5457.03414352566,6841.45577347369,5387.55030503309,1167.01912991726,3132.12284030536,3568.84967674963
3335.74768557479,3886.61034279148,3432.51602740186,3684.91160230867,1328.26303574911,2040.69238823436,265.341149253679
1688.34289167751,2497.98372428037,4174.71291576186,2942.83947892027,1321.58613411524,2011.15701194682,308.700076136362
2032.41704917828,3897.62469075272,3806.24667996195,3726.01872190826,1623.26265061495,943.71414860081,399.773664532705
4098.55556579977,4512.87396861322,4818.94857887706,5215.02925251214,1890.79632684423,2737.86906186644,269.600699907702
5658.18418446304,7746.73084197937,9502.04254208239,7439.20611422803,1329.7693958389,5766.38942793913,5342.02324873485
702.455984361542,6958.26173706448,8622.14978501307,7216.74632530617,5184.11974666902,5501.23337883991,5220.08632635172
4508.06137181121,5213.36565150725,4962.40538314571,5144.74690347375,1828.6500027793,1951.56338348039,43.3142261904763
938.852407484016,5693.13995333681,7254.4175699224,5708.01637016165,2575.93499483269,3074.29980912464,3297.1730010213
2704.61405420573,3218.03828621358,4670.66589394621,3258.80983369744,2431.22498602877,2435.19093175285,97.0186945680201
2159.65899009796,2917.14038694969,4003.30613373389,3166.32335979231,1512.22465504251,1660.29352925356,288.698164216559
1226.83970361164,2741.95706929879,3681.8399444861,2711.30124437325,929.025832788808,1372.76146553987,688.521182892215
3130.43764626871,3597.14372572665,3303.09974402898,3852.53770082899,672.448213135901,1167.9454710983,1460.45287257022
3495.786809728,4869.75692568418,6368.60910107084,4688.66732464392,678.638450471782,3781.66935362272,2734.05763266515
2639.22753516816,2626.42736203952,3456.62401981314,3321.86259072939,252.705002723709,995.37811810186,1482.92721732582
3613.51662857651,3898.85799558918,4573.94724826371,4489.97212091202,2043.37437382853,518.124661807074,1691.96410366565
2916.73615165832,4523.10806313306,6617.52817171907,4675.45652580167,899.422279431439,3013.20735114322,2675.20858742559
3989.03460897479,5469.21535002662,5147.31191260859,4871.16798304709,394.640857749619,3514.3123974295,3516.4801759235
1457.28843948591,10304.5369494496,13320.8496235715,10690.6992148911,6556.87697921757,6862.85705340166,6448.23698975091
4240.42343781321,4623.12303997805,5000.47202063035,4161.39726382327,2072.88120446534,2222.19579972066,26.0539800865803
4886.53546871649,8328.16678083166,9727.13920494937,8747.69706603715,877.528935580362,5901.74731276384,5734.62531069859
1281.62499384324,7898.24890002828,11435.2709291208,8410.28762082841,7735.23513083237,7235.07493003241,2816.80874532894
904.649602497743,9429.54744562969,10396.7543312047,9134.74184603962,6863.62364254117,7130.8642829219,5651.57055695083
5343.44832334211,6303.9530255281,8528.87751087371,856.789381592897,5254.77086728483,5460.23214866656,4369.36858455494
3750.96916200158,4036.68321159687,5300.34481776599,3252.86100322317,676.971948126239,2745.94891432442,2401.36994025017
5107.97621788985,8278.63544467335,10026.1523532728,9429.43716660946,1963.29433534547,6153.98973709815,7040.0412852727
5637.30721593285,8563.49460288707,6545.22138478842,8131.822711496,3890.45093479555,1232.43887889812,5619.30573182739
3437.36781866576,4741.14747444376,5713.11178680153,4647.41531315319,827.647993418105,3171.51311230868,2945.14950780595
2706.25766802066,2992.23490478575,4624.45839385736,3304.81317005007,318.911104669796,1671.86545557355,974.917131033487
3090.2075448953,4859.49085366676,4734.62541701714,4264.67285141576,530.982294204105,1186.82892878237,3813.42339815733
2993.21263386243,3297.19790721653,4356.05469081047,3668.52179508232,797.046061266885,1534.65560039676,1905.38405445326
3342.92211273945,3886.04905182643,5837.71126159885,3628.48057015482,493.432007719295,3689.41218474187,3349.39111297527
1115.40476281196,2661.56173190045,3741.52694357796,3064.56859753483,714.98431352224,1723.50268923039,794.507667746033
3089.4859113057,4096.05759180547,5048.69547148614,4499.80373484405,454.5796875404,2461.16096839736,2518.43059640205
2959.72865150894,3523.11192747427,3079.4256501296,3064.34770017761,1928.36003695583,1346.86206646255,127.51816766492
2661.62730799022,3785.9553495705,3819.53917103196,3151.22492669253,1238.22340853993,883.32874049748,166.51303363794
2192.46620269257,2951.75901350095,3181.47066362539,3230.86016216532,1289.95558782762,862.423894248678,138.490676964136
1873.31465054673,3052.69237572336,3638.22157080921,2864.39300219257,565.27680136771,1197.78416392086,634.187089533495
3421.0451315206,3688.26102307664,5169.12275728981,3997.84710123431,1719.3632266913,2677.95404933384,44.2108051201667
5654.14631060858,7457.2857257141,9220.89863381793,7393.24988612053,959.762262908474,6233.59363086566,5776.95320040052
2927.80812311957,7083.9059655386,8258.73356912204,7605.16140813958,3405.84190934532,4773.42208231451,779.056574760161
4125.02436331017,5084.31444719759,7019.26614344229,5104.09825092207,816.265528423058,4123.87884217301,3137.6731830089
3052.18688286129,3442.41221640312,4953.25747665026,3366.50547101196,2171.20716441242,2669.58819655386,269.323713194454
6054.7163439884,6923.91796945242,7139.81393100819,6490.59180397072,3204.42410234558,1296.07463931243,4266.88370423726
5595.6740880347,6216.38154701063,8267.39437316355,6600.97059668601,5164.96864762806,1022.43907884269,4042.24303514659
4051.64134855196,5536.87657517005,5418.63828824145,4898.16495610991,266.371553490026,2986.37077730623,3552.56298976383
3598.20861396592,4909.39018352963,5778.05874718089,5010.76600831288,2111.03482881961,3095.1586387528,383.877541665352
3807.89767104732,5515.28293745333,6438.22628698013,5531.47710979873,3828.12507705248,3274.22289693758,483.948166839627
2709.52022596153,3106.30013083201,4285.33656253056,3311.36825556948,1984.40166689816,2337.58861362349,52.6754569786528
4137.59544819671,4657.09221515477,6008.59310140396,4813.00969467703,479.006983616348,3358.17169224676,3513.90652589581
4386.42210082013,5218.86242241168,6442.57323251773,5100.28435026007,682.546198380342,3266.13241529857,3339.70097532954
5309.18205697472,5909.86234892837,7145.8139047581,6053.18171100231,168.530194777724,4305.05591414792,4583.69843305043
3921.47311660102,4424.5925013897,5307.6247016801,4439.51731202844,2851.08122544961,2939.46508965927,135.095691699332
4243.78177876909,4554.62621796987,5061.28951786912,3953.93799704365,2555.01982351063,759.840210735405,2728.98037110639
3959.42189577539,4439.73327000823,5832.32663114387,4296.5266744573,781.059074159957,2403.27339878793,1850.62910638487
2447.66499127343,3225.53692971173,4285.84455443633,1284.29081626491,2426.121696308,2416.41130962854,2116.09823796829
3875.74975692521,4694.0068190757,6088.71092291221,4477.69975708268,3100.44800075435,692.916606738165,2444.71231972847
1293.60132935868,3042.3701250287,3888.76321529349,3468.36528640089,455.186610232864,1979.14717059369,1694.34075338442
1382.78246546231,3112.24985010206,3477.88642626049,3032.80635124648,1184.52876623911,189.892836219699,973.631511353282
1129.11489230185,3086.50110629131,4800.76183769756,2845.60802202133,1169.43388223558,970.671540975304,477.768783705065
447.060968655979,1359.46096217023,3880.74159922666,2022.15523338385,1022.92472382759,934.413654276454,290.770463739585
1945.85382085665,2852.24157093135,4064.07371773848,2790.30023060581,522.934456465806,750.693860241564,1524.72935325199
3229.32404223487,3827.65678895331,3526.7084135855,3202.44163898828,1026.10986660756,386.237107213468,1761.05470136362
2757.51123796175,3541.33971869367,3713.75089937272,3269.43552235381,1572.43061811837,1105.28064974551,284.77170017683
2839.28084666667,3072.54993630298,3333.05473938149,3454.97670751514,1390.13790100064,1043.98333731567,120.627348675186
4004.3437754052,4450.56887894231,6246.8801805145,4604.3186521789,2660.28340860243,3784.5948029915,103.528500583567
2262.25521135974,2849.29872110639,4774.71863295494,2932.90855829208,1341.98695859174,1904.67258244552,442.978100309484
3393.65038882207,4006.81362616002,4948.93350995716,3533.94557399769,2082.52138381709,2339.39907705037,172.308767124568
2990.20481548693,3254.30275346721,3590.92857233451,2994.55682229597,1029.45288338914,1086.26839498507,86.4474055644792
711.610042659362,3357.61760545116,4743.29094350952,3642.40116418207,1044.79262085372,395.920864135861,1310.13647537502
841.284645233935,3728.79573503715,3836.61121552196,3171.16452507755,955.491897615199,1150.28027781314,1670.95171849581
4477.44462775744,6359.12627360817,7753.18420109427,6078.97670647895,659.695816141778,4971.1750540843,3351.22156496716
3572.95092264082,5589.53178235392,6618.24948998685,5902.48901394648,620.840482460549,3981.39799434926,4247.83998756426
2662.53241402924,2882.95541630647,4036.03921066591,2853.3585418741,206.405619312046,2100.81470194221,2173.36986107312
4152.05237150972,6323.41907265525,7539.28844116864,6172.57529782546,1455.68251265103,3890.76012662359,347.38080595152
4532.42151653671,5707.34065500479,7416.52621984472,5807.96366992305,3742.89945081078,4293.47671317325,568.123679966986
3615.70700361311,4396.01288311997,5901.68318584243,4681.99860978319,3138.82144770241,605.635627774568,2846.23161379945
4775.27128285337,5238.83190767574,6843.96112075352,4976.0970564418,285.696685046068,4739.00160468111,3648.30432063493
5255.42466062329,5892.17022966633,5675.49841293241,5756.03163211838,2266.34235089357,975.214634146838,3441.44816465428
4183.89004918878,6033.00779318012,7292.4442126707,6403.98579295976,377.716115239392,4130.86095627975,4224.91715669469
3505.24423479686,4315.78462337553,4977.37950847399,4890.92181649499,535.257558515191,2300.88243970706,2774.15385789518
5954.8692952153,6652.63873010915,8149.0006677212,6980.2577314109,798.919177240561,5041.16244381414,5233.30290179697
1797.42715071044,2420.39188721987,3913.56552379572,2552.87156714665,1451.29437703319,1281.0874209746,506.569557107952
5422.98277204178,5387.78341355889,8157.06861114753,6177.04421442124,5409.17080616821,4369.01084407624,120.762191178416
1783.83583569933,2514.88115127465,3185.15686642018,2325.60443738634,1184.93153598147,780.429222679537,202.78784340184
2659.80761437039,2998.29273109692,3215.11734009136,2735.72661064041,1006.54535452088,609.911647802285,1659.9558337585
4384.1292506277,4753.5715080919,5374.87675379876,4454.31719421364,2155.48678585588,662.669975230831,3079.28031796258
5070.38313688938,6205.0710237328,7809.1628686554,6284.96749170058,1884.64193972054,4586.94557656391,572.917910151449
