,0,1,2,3,4,target
0,-0.8715558594253935,0.3938366154243017,0.34576992946015894,-1.3939982178520922,-0.6053473527976523,0
1,-1.2684380604754257,0.6085989418851592,-0.8604267600922381,-0.6039760218669878,-1.2761963421528486,0
2,-1.285581231679601,0.5891129601783917,-1.1356880367850306,-1.7268538602797683,-0.9842628000390903,0
3,-0.11517440101373394,0.09224556606493485,1.0665424469694555,1.432904306141133,-0.5285255574710465,1
4,0.8761010742328421,-0.4627979288321989,0.06726691076374067,-1.2901502579001976,1.355006225796569,0
5,0.9554446701124288,-0.4079028936356882,0.18095714574188698,2.487209133355898,0.3976112391231965,1
6,1.6754247057788973,-0.8466389002414969,-1.5434439088924747,-0.922579933558992,2.1628338505476004,0
7,-1.188705106914091,0.5782072018503106,-0.18142746302677085,-0.2496621035443196,-1.2837193240825053,1
8,-2.1019860702913635,1.0526184905236942,-2.092101770254218,0.7723528937880157,-2.60667213875307,0
9,-0.254236088878133,0.1648744705250191,2.5558944592278263,1.6042979212795687,-0.7343418928697716,1
10,-0.8891196015226166,0.4013171736400077,0.7669987624804099,-1.440437559100878,-0.6124575525659208,0
11,2.0180556679402346,-0.912000894098306,-0.24516506849901573,3.2242667491770702,1.402626252146027,1
12,1.2469364856678151,-0.5602956831543313,0.55535660524804,2.121793356778027,0.8307360093824915,1
13,1.5821557706947516,-0.793146558113569,0.3550395291080001,-0.6153456597251907,1.9714608691864488,0
14,-1.7198834196999049,0.8293413007851904,-0.07614045295770798,-0.6524784118018616,-1.7765719584020685,1
15,1.0472848794510283,-0.5370462589542606,-1.7476291693217696,-0.8914184977159763,1.4392513482957603,0
16,-1.2430231297290286,0.5914904168013377,-0.09639112902647187,-0.7895609224907641,-1.195794914130206,0
17,-0.006933441110227593,0.03405919462887896,-0.632506884341217,1.2329447532553763,-0.3498657616541653,1
18,-0.6233719864638156,0.250088851641828,0.21091629622201072,-2.2681459243375914,-0.08041122858627126,0
19,-1.4008272677156866,0.6821746959969067,-0.6945597866975727,-0.26253501299058235,-1.5215831474227097,1
20,-0.8179295123743962,0.40529944420173625,-1.2491566313508997,0.1276558717724554,-0.9663623742456339,1
21,-0.26999252946738234,0.09119324145358083,0.6000544504725007,-1.6712129335540613,0.15623244349822807,0
22,-1.8289799007153975,0.8804500062291176,1.5479232656327633,-0.7541443939808723,-1.8725454960623105,1
23,0.1891428067137699,-0.052890295024938916,-1.4763992958517587,1.6130492182330451,-0.23212189252567195,1
24,2.770796849555841,-1.3086712023030913,0.44333041298483306,2.154518636127613,2.556094502147212,1
25,1.571454650848354,-0.7472685952988322,1.6250881580866812,1.018508717381517,1.50610898126023,1
26,-0.6945944856897491,0.2933265115596411,1.3093509740330906,-1.937411478440486,-0.25320937976594327,0
27,-1.4705960603110164,0.714934042954333,-1.7576996121379838,-0.3245516950957378,-1.5837917723910635,0
28,1.0311680418958467,-0.5226241954122138,1.6577623298806503,-0.6300139099716757,1.3484032369659393,0
29,1.9215744148366842,-0.9209080817604596,-0.0852053922937219,0.9578887070468403,1.9214239073011832,1
30,-0.45510260283183473,0.19305721316914373,-1.0662264873982346,-1.2344930988467675,-0.1755873664997829,0
31,0.9482357664900275,-0.45953457512842183,-0.7306754804134263,0.2677051249925809,1.0050162011112396,1
32,-0.7676211904785953,0.33419865219715716,-0.177899338979872,-1.7375135779166921,-0.3917717317498999,0
33,2.2588574940735993,-1.07681532662506,0.36553689663724154,1.3566989877862674,2.194698985045988,1
34,1.8760662314066576,-0.8786675754527935,0.6754162850183403,1.7570550909169635,1.6479673549231497,1
35,2.2531255171726823,-1.0652975071158872,0.8741052997953694,1.7066553817874839,2.091109704305886,1
36,-0.3604179187333712,0.20873470608434277,0.6594413957456623,1.2686970851040709,-0.7621129615351541,1
37,-0.14476880710017356,0.09589707097677187,-0.39323071490608835,0.9945110488502082,-0.440615059709461,1
38,1.1529161652902158,-0.5144467644769389,1.5575737161261245,2.1067033963361466,0.7279088815519937,1
39,-0.30910561978519174,0.09781663659618796,-0.30408629254901026,-2.178306779370671,0.2523639709900689,0
40,-1.1818316437078316,0.5613313646484467,0.3203143343731366,-0.7925753142749973,-1.1253115877858109,0
41,0.2473702959204564,-0.15052958742804665,-0.5261092631211002,-1.1630431739562062,0.6041392627757631,0
42,0.15098111081024818,-0.11069472794353871,-0.06810045469356894,-1.4669029157059805,0.5787102073010475,0
43,0.6864261982280601,-0.27685575823101516,0.5937311212495301,2.438422479051739,0.10495004921348516,1
44,0.9125506565192798,-0.4486723372155743,1.8368685037265968,-0.0010830163354089706,1.0389520332350919,1
45,0.6961293826772331,-0.36093335729597686,0.7401984793865525,-0.7517862335107538,1.000842428856643,0
46,0.9409018654855892,-0.44228809938140323,-0.6969900047912437,0.816421716594241,0.844474753655371,1
47,-1.577114088517254,0.7791259119855269,-0.44470377885003143,0.15105883832304423,-1.8369461517608374,1
48,-0.8152083840547959,0.41789247879714786,-0.2396699472941186,0.6880381053376046,-1.1186949628173681,1
49,0.2808295137595904,-0.16058003994785314,0.30924340938501466,-0.905620880290137,0.5708224277005027,0
50,0.6348440122347015,-0.32789624346700724,0.505229211106964,-0.6348556586808867,0.8986560211184057,1
51,-1.3232502697647093,0.6438532529925183,-0.7311519376614082,-0.2698389265323946,-1.4312603160607489,1
52,0.37174277085248403,-0.2076852855818644,-0.5202517113340795,-1.002515278900692,0.7011735476352383,0
53,0.8412911810560706,-0.43725563055913774,0.26037465852430103,-0.9511094468163445,1.2213484787296447,0
54,-0.8180383788321074,0.37741295589272317,-0.969797603506867,-0.99625897326708,-0.6547530106407219,0
55,0.8932512263138603,-0.42279647578814233,0.3546552764309387,0.6581209527559067,0.8341464005806856,1
56,1.1171813565545805,-0.5149698545625674,0.9978899657197836,1.378946195175319,0.8890895422398277,1
57,0.38680230333163823,-0.15306746947371938,-0.2012160282775899,1.4923682407556522,0.026323751994628664,1
58,0.3167382585112098,-0.183366050755656,1.1323757784574673,-1.112055655982809,0.6689507596614548,0
59,-1.0250650136743826,0.4685380473782739,-0.11948610980875449,-1.4249578339991116,-0.7714821226492232,0
60,0.49247469576637165,-0.26552874180843994,-0.3450417314284374,-0.9416510809725387,0.8217073124918713,0
61,1.7317756988307504,-0.8451793262025593,-0.5270919418720428,0.2505676628091459,1.9015830603870534,1
62,-0.4566356185095588,0.18018042180695842,-0.3823870292955589,-1.782792824610358,-0.025253735791723853,0
63,0.29999945780502024,-0.17719410701857838,0.45428446814507467,-1.1948207304995593,0.6728549387873031,0
64,-0.8463216099189036,0.37721491445676897,-0.3820865522349683,-1.5635734049851306,-0.5295920881938045,0
65,0.7011906587700285,-0.3687686025454913,2.214242036435874,-0.9668716277795122,1.0662599970936513,0
66,-1.8173885162863,0.8773915923566239,-1.2335617030552273,-0.6479332055907208,-1.8888114910223281,1
67,2.0396104888795197,-0.9421335463206906,-0.3020956757693075,2.438433230542999,1.645121388103641,1
68,-0.8455949510535533,0.3904592650621307,-0.3916277104992575,-1.0164352911858263,-0.6805213131953398,0
69,-0.9935534846810783,0.4596253404151592,0.7532762119993187,-1.1602873815385357,-0.8090261650733502,0
70,1.6684862197156918,-0.8458607160120435,-0.6823310456676803,-1.0284968181900935,2.184314076321024,0
71,-0.33861185516458003,0.13581358088176845,-0.6304753999997247,-1.2333767304524015,-0.04330896272202711,0
72,0.6748368903525062,-0.3198757306343039,-0.5213056056161282,0.4787032730360635,0.6353144042630205,1
73,-1.1517041269092723,0.5833903613084522,-1.4252109609210646,0.6905916863717195,-1.5023977052279842,1
74,-1.47164400000504,0.7152111321597973,0.2510750190895232,-0.3341302586216399,-1.5823277752119607,1
75,0.34040943758027714,-0.19991114699840096,-0.4048969744139054,-1.3094616637142893,0.7506462223403432,0
76,1.014532344080927,-0.5180296212567389,-0.14913918465115597,-0.774191219037557,1.369458296005913,0
77,0.7773129372108677,-0.35537269060432564,-1.622953561417024,1.0774371853466511,0.5858840200276385,1
78,-0.1088498110988213,0.023261842925480353,-1.0804620952488755,-1.2169555160767669,0.21364814324854675,0
79,0.7428302230048993,-0.3152736534179668,1.0578625471721022,2.0085078595007353,0.2883910204314779,1
80,-1.026279338898865,0.4742024323159688,-0.8871914250052731,-1.221117599995808,-0.8294021481778417,0
81,-1.3126518794749713,0.6568304698164797,0.5706312198767373,0.46178340039872756,-1.6221229218980773,1
82,-2.2477917811548673,1.0957170507573473,-0.2930957010870337,-0.3775153567443277,-2.4536942311531815,1
83,1.0246221624170289,-0.526413949289055,0.04967123997034232,-0.9119162154714974,1.4191423039195037,0
84,-0.22024112687400194,0.07643739857933436,0.2286621315710562,-1.2808645661458127,0.1045902531031162,0
85,2.9965103859282705,-1.4056282571878111,0.8475173698289039,2.7181855593616735,2.6566575162796173,1
86,-0.7736577155750614,0.3423622635445367,0.3422054039958589,-1.5285065034794507,-0.45661340817486773,0
87,0.4015971287284808,-0.1475308057245259,0.4522652134748237,2.007678388743659,-0.09976536916972456,1
88,-1.7032603568562976,0.8329629534871728,-0.028945944976738743,-0.17804505329072118,-1.889242465789804,1
89,-1.6118177332748536,0.7819579611788129,0.2328691323395445,-0.42134155044921706,-1.717682188785743,1
90,-1.5684410872756323,0.749529600035897,-0.7857193987675104,-0.8679593042914447,-1.5444359426522904,0
91,1.2055618167241977,-0.5184910309828883,-0.41675766834030037,2.985174208727134,0.5441733941573814,1
92,1.1526006188351314,-0.5506936837859854,-0.7151555084189788,0.6423944273617046,1.133696007153281,1
93,1.2997867125387048,-0.6523215464789043,0.7601662329675437,-0.5348375689295957,1.6277425599922453,1
94,-0.9580241034452337,0.4328215348408177,-2.1145481470896668,-1.5358445079922594,-0.6644212039602795,0
95,0.8938701298574004,-0.3945076777633569,-1.6643054249219367,1.8083059408534496,0.5158311673613112,1
96,-0.3454011857619627,0.12360302723662277,-0.8220004221915188,-1.8588287640386798,0.12244126418912038,0
97,0.911855967770255,-0.4716323969193274,0.7691547640535308,-0.9384129648481271,1.2981427297314274,0
98,0.8451449231819665,-0.3642347302350633,-0.6044367248124309,2.062443331864075,0.3898843503622358,1
99,-0.06735699360937175,0.07990300043659633,-0.21264967071394325,1.882081182699424,-0.5986858904284628,1
100,1.368961351943032,-0.6310870034581756,-0.4470836442472603,1.6873868667887535,1.0901115328263928,1
101,-0.06604666843462445,0.07351332552512184,-0.2993307182096708,1.6509639944535333,-0.5330909599459471,1
102,-1.1283995929520014,0.5146871355759949,-1.4843283120406374,-1.6121781640259798,-0.837167871459422,0
103,0.09528905856204493,-0.06957664255556337,1.310923696503857,-0.9142900069315283,0.36204753093920816,0
104,0.5083016406419085,-0.21761800873471193,0.7261362898880562,1.2986101871092068,0.21835396534633245,1
105,-0.2476738331199027,0.1581233728191119,0.06671530922405998,1.4625078178420998,-0.6875453909853511,1
106,-1.0985619767163473,0.507294734376846,-0.17801261432452362,-1.319456308268417,-0.8843975799481463,0
107,0.4797991782411732,-0.16701810296554262,0.40340320956851217,2.7703582254361097,-0.2222967196042236,1
108,0.6742567800698941,-0.31752979249372343,-0.04200731857123523,0.5615983291779661,0.6116620449217949,1
109,0.3071633324357773,-0.17787623807845512,-1.6801341489446313,-1.0805825767968533,0.6493232282702561,0
110,0.6203709275078924,-0.23685251357488196,1.8035859146130904,2.741239895136472,-0.054223665986016134,1
111,0.4918242181717065,-0.2738095721594908,0.21033753013380974,-1.287620026237093,0.9169262041715343,0
112,-1.5376838964510946,0.7886669571145613,-0.5183532052690668,1.3146546453469914,-2.1148066265992362,1
113,-1.6160725776003442,0.7852305624007903,0.8805357489235972,-0.3738445349825553,-1.7356989415056805,0
114,0.7106738498084462,-0.37230731572609377,0.32275552139599994,-0.9216739952581109,1.0645174383384597,0
115,-0.3423637957211318,0.2005963746516036,-0.9642000347123947,1.2983749417016306,-0.7497955886706472,1
116,-1.1531912758498124,0.5402511393184835,-0.9053002652415295,-1.0741374292200192,-1.014618411709068,0
117,-0.8229527524613429,0.37340044272678535,0.35968705956639585,-1.2548562471188682,-0.5886209596427243,0
118,-0.31607778394777974,0.0996723328120919,-0.06407674016315698,-2.241545709264427,0.2619685458498753,0
119,-0.7159585942398318,0.3765279245991659,0.5758483619306721,0.9869375743185014,-1.0886342094064605,1
120,-0.0787155358893566,0.009578709763488878,-1.6637284133317123,-1.1714177076749894,0.23531599021562266,0
121,0.9853932396788477,-0.43597605959540364,0.6094073185015682,1.950220869362298,0.5806393541266189,1
122,0.5205579854963149,-0.204256699531388,-0.3554144359006804,2.0784718272386584,0.015998580418684738,1
123,-0.33494638914897024,0.12693744211197805,0.3362963448845564,-1.5179375754562787,0.03978988903392333,0
124,-1.129112983237997,0.5335130023962108,2.439414063865167,-0.868997360052992,-1.044111281361606,0
125,-1.641767922156233,0.802470343187709,-0.49756878304899554,-0.18852539295632886,-1.8163458205636487,0
126,0.7847290278981462,-0.3482250391050845,0.23203697153890715,1.5116241511744157,0.4738971650216156,1
127,-1.3621851397533657,0.6633217877522892,-0.00031071713115009796,-0.2566996048592377,-1.479219780486475,0
128,1.4235255777522342,-0.6811129072579963,-1.4397357076793509,0.7541434234189844,1.4110636590423293,1
129,0.8869673048470279,-0.4062526840792388,1.286001344146182,1.199336472202494,0.6768805500394024,1
130,0.9286693010142483,-0.47915600035658074,0.9579899440945053,-0.9085457459296344,1.3089953318061816,0
131,-0.2347292282233097,0.15385506483422237,-0.5262640152206957,1.5468119971416336,-0.6961949595210767,1
132,-1.0431346566246675,0.48603319980581,1.655773153474168,-1.0785551584214401,-0.8881282793965725,0
133,-0.15719682401242968,0.1037888757137727,1.0965328284103468,1.0661820315745938,-0.4746393794568059,1
134,1.7134375459509856,-0.7726277074377411,0.6523052791547445,2.8063614247941313,1.171826218572673,1
135,1.6907703222783244,-0.7732429110159601,-1.3394413748455674,2.3333321328894643,1.2772279143835377,1
136,-0.17524071648301728,0.03144592775125463,1.2597365428716338,-2.2007333017991977,0.4109473267000441,0
137,2.109759364699954,-1.0503347759138486,0.5746214289211681,-0.5267583459569265,2.547400554335164,0
138,2.3979341943853107,-1.127134667212048,1.500922621656731,2.083026745754638,2.15153701078191,1
139,-1.2452192438322918,0.6018050820766369,-0.30787902657630095,-0.4180750306722997,-1.3013312311671792,0
140,-1.0085468117723204,0.4981626815829737,0.7687358603185999,0.09339761267849711,-1.1738181613007523,1
141,-1.9244859669475114,0.9468911161756095,-0.37178001463042154,0.029723995526300007,-2.1986657886540364,0
142,-1.3954386260439224,0.675568303176501,0.9785590781405097,-0.4217143918708389,-1.471299280482219,0
143,0.6700537943625966,-0.3336131206312586,-0.7009000882846989,-0.16849064500252764,0.809378509027975,1
144,-1.7239216803499908,0.841829305883272,0.7378253923729058,-0.2299992732642493,-1.8983486592040937,0
145,0.41706283820522,-0.23492611042696468,0.8012023859065722,-1.2020248116022765,0.8080928960151039,0
146,0.14690102043974443,-0.10429644999323415,1.3261680595919987,-1.2902163830707818,0.5250598636694888,0
147,-0.9898749464267946,0.4434330814500589,0.8416306233066554,-1.7388879392955785,-0.6443564674492149,0
148,0.19491234091220788,-0.1559145660977345,-0.03141315318646248,-2.4171027765867112,0.8922631113780115,0
149,-0.9246658347765369,0.4719247863833611,-0.8612252531972743,0.6968381604190577,-1.2457186288988709,1
150,-0.5422111751756474,0.287283155695027,-1.563156706149209,0.8331223495727385,-0.8482146972682666,1
151,-0.9268558105412956,0.4745605859491416,-1.0570771415322984,0.759555409642214,-1.2656067204216654,1
152,-0.06486081857535825,-0.004784005905542676,-0.7962964642905049,-1.4751721646587577,0.33533570975018623,0
153,0.9028970792409824,-0.4212540759691243,1.2075302658503617,0.910928337683332,0.7750055547516697,1
154,1.9785377260807917,-0.95001270364499,-0.7184031557554633,0.9136706246211199,1.9985231992593617,1
155,1.8127075135144057,-0.8476946810064421,0.19143790953291445,1.7499464802979756,1.5778250716039377,1
156,-0.6707083563312949,0.2891874564108288,0.8275945851986286,-1.6315210989428235,-0.31086545405375776,0
157,-2.1849292060360948,1.07204804752067,-1.709660902160285,-0.08641248119349476,-2.462886374016254,1
158,0.17720657809755436,-0.11830314857494377,0.27307318811269254,-1.2543069208823054,0.5495932163177688,0
159,-1.6680669047184127,0.8082422394638051,1.5252499340034205,-0.4764513002964158,-1.7664187140284247,0
160,0.633061125823059,-0.3200885491085842,0.06235978863550315,-0.3560429084580725,0.8192942069060871,1
161,-0.6836693526744706,0.3513278305021874,0.5069764843202665,0.6118121825588823,-0.9478368748529062,1
162,-0.26261138019831615,0.16385955622395723,-0.2631533798781893,1.3978366405180245,-0.686609643438578,1
163,-1.390753548703643,0.6656808394403511,0.6863462148712504,-0.7267922804712437,-1.3813492373765117,0
164,-0.514042329826724,0.2010775512759078,-1.9250586729111605,-2.0774982927861183,-0.008852580821927303,0
165,-1.8491071213909223,0.9171497561506664,1.3930662405829926,0.324090358831127,-2.1945172711631904,0
166,-0.8877888615035096,0.41061666293689686,-0.43356727766942654,-1.0400387180559698,-0.7219990614589924,0
167,-1.5325990182919405,0.7387771202339046,0.31309192955194687,-0.5916519074006377,-1.5802786955242343,0
168,-0.4538887208897988,0.25742592350773036,-0.5686857455610084,1.3788090673703712,-0.8990411203997402,1
169,-1.3291544146206518,0.640735810759289,0.6911986057180803,-0.5120054536863206,-1.3708121020864206,0
170,0.688795406795713,-0.36203820636595413,0.23484375767829108,-0.9412714823987687,1.0450513516698763,0
171,0.35567690262613894,-0.1908922586774534,-1.3460386845653458,-0.6447283197328211,0.5836504696362923,1
172,0.5953562044756007,-0.23756741803300507,-1.489581707099344,2.217774324821435,0.06249533782419259,1
173,1.47652174988714,-0.7435202703281024,0.5472524131830305,-0.7081674526194411,1.8769751946585602,0
174,0.636076743579694,-0.33153740641236445,0.5698405144524853,-0.756945756695049,0.9339224691981098,0
175,-1.0434715989216865,0.4792755155607099,0.24093686407051298,-1.357053348228417,-0.811266470496017,0
176,-0.5911709904160098,0.24628227501071911,-0.6449254575247576,-1.7844409224420459,-0.17792278117582094,0
177,-1.1418171765053848,0.5788017778218757,-0.8763267386254864,0.7015422519728618,-1.494181814996387,1
178,2.265513419287169,-1.0838109547211154,-0.35140673336349937,1.2069248748481214,2.2438165752002828,1
179,-2.061820325121859,0.9960247890224948,-0.8539448192292642,-0.7098407121886616,-2.149849255906498,1
180,-0.17643506972867198,0.06053050765432266,0.37910782854330577,-1.0543973673343436,0.09163585953345954,0
181,-0.9085428436926117,0.4644263477095833,-1.0788969126896963,0.7140649906783343,-1.2321457780238476,1
182,1.2881932678889534,-0.5887789575371377,1.1349446942859343,1.7919468178748341,0.9691813519719281,1
183,1.7205040867841805,-0.8006561644415903,1.5497217212656154,1.8186413813681725,1.4538270190251628,1
184,-0.6092353270693163,0.31715932120118623,-0.1580581757672565,0.7094066582070613,-0.8901863421849956,1
185,-0.9175096358827615,0.472687386867392,0.448428964148724,0.8690402821675434,-1.2853361813121493,1
186,0.44641893495554863,-0.2382142831940692,0.40672783626369546,-0.7537291202665397,0.7171645815232586,1
187,-0.23024563666200606,0.08240635284967554,1.2700248768243845,-1.238613271723588,0.08148428933404628,0
188,-0.2320592727577074,0.14293697987019208,0.9341006204079838,1.160423948394758,-0.5859860046338337,1
189,-1.282726920893186,0.6133913994610536,-0.6133271790616038,-0.6937806532319184,-1.2675511591488533,0
190,-2.11348301487195,1.0117554234304935,0.988925316349704,-1.098776004990325,-2.1007743999691257,1
191,-0.9511489397082252,0.4885904595373268,0.6132749910565054,0.843483975901947,-1.316535544978941,1
192,2.0363126479355254,-1.0194814101931493,-0.7895712742731404,-0.7381821041353154,2.522445882449205,1
193,0.48626783796899015,-0.21669302594236275,-0.21739317387180876,0.9000633850351516,0.303817866372313,1
194,0.8384040690050991,-0.38846308884122,-1.613731100542421,0.9545217991277368,0.6895093181433962,1
195,0.6274464604601624,-0.27260137882679686,-1.693454047511539,1.443136557298441,0.3138764540484318,1
196,-0.7652085211808802,0.3372754190194376,0.6112378264403967,-1.5660330060624432,-0.43658816749608986,0
197,-0.5883034824441896,0.29986013903321035,0.6742861135623731,0.4274918887615221,-0.7881690795135744,1
198,0.14427985499661677,-0.039375718722766906,0.8473386580790396,1.2694469245856894,-0.18788140761783256,1
199,0.8019089780517034,-0.4124873516481693,-0.16145113828415342,-0.7336293819637489,1.116203144830517,0
200,-0.31856866967949654,0.10315652848597123,1.191189262326987,-2.1506518756364965,0.23392279900102797,0
201,0.26323025728283883,-0.08918783587190161,0.3766891410007215,1.6181471759091313,-0.14921064224272096,1
202,0.9746329209139883,-0.5038670838588959,-0.45496319041455213,-0.9935665840090682,1.3848921446522366,0
203,-0.4225356004452075,0.17986825978622964,0.35145051656046883,-1.1209651824440683,-0.1700086190830541,0
204,0.6527602605363356,-0.2550805511632884,0.876326304231321,2.648551911618686,0.008349683025930532,1
205,1.373401057606304,-0.6750515164854296,-0.3231343328226999,0.0066730198768090165,1.5613338916914232,1
206,-0.9465849747697931,0.4924042944718331,-1.066612742044729,1.0871593038926592,-1.3789276185979968,1
207,1.323880789222929,-0.5806813565929331,1.8381901467597117,2.823461092299204,0.7236956583469119,1
208,2.0770408107850695,-1.0316096431450197,0.38226483289201113,-0.4205851041319333,2.4807121687194664,0
209,1.8225143887758046,-0.869440118428699,-1.101422269814973,1.0691618504348084,1.7778121125146737,1
210,1.3846516748080346,-0.6960329379685625,0.8015441715482821,-0.6148259038888448,1.7465204705460242,0
211,1.3564052782743599,-0.6527558746636688,-0.189382187732697,0.5674176155569391,1.3864593046816769,1
212,0.8122501307006856,-0.4136382521648669,-0.11209529175507846,-0.5754119811485383,1.0840895147267464,1
213,-1.5167852286152594,0.7375114784813956,-0.40375953389145974,-0.32981957218360136,-1.6349024814414803,0
214,-0.2482151000516055,0.08270553462542225,-0.40371310534313537,-1.5819544634867688,0.1562621241970954,0
215,-0.6038869740048923,0.34054697324729283,-1.594436018110398,1.7559709008075117,-1.1743779439717188,1
216,-1.0721735989052181,0.5050015199634706,1.1823316467539853,-0.889829010474797,-0.9735257719236449,0
217,-0.28270989540420716,0.0790459791746586,1.5756497459664778,-2.411355784256479,0.34704654734386686,0
218,-1.976941015467223,0.9737442581069549,0.6202773561176965,0.07253245589721291,-2.270242864633521,0
219,0.15818476243988086,-0.02708701587516656,-0.6169705200276151,2.0387649751996038,-0.38543601313950937,1
220,-0.8718228300251619,0.44089552807736115,1.417966828436699,0.49371373099117144,-1.1292341431423274,1
221,-1.3896174815923508,0.6939884163111123,-0.4105104628236417,0.43437587664680233,-1.7021221759962635,1
222,-1.504732451961959,0.7358164235953207,1.1891504847221441,-0.15964110765768935,-1.6683855323360937,0
223,0.5864384578196407,-0.22246814054775116,-0.10741789856987378,2.648794536343702,-0.06720410601025795,1
224,0.8179762007299863,-0.42959447846028476,0.23340731182876998,-1.1040245369203607,1.237224821334157,0
225,-0.17253474306477432,0.1361185411635121,-1.3967591759349756,2.0633421931688467,-0.7686728870036776,1
226,-0.9104620288316656,0.40593053031523824,-0.1276745745829966,-1.6769427401607904,-0.5711512154341769,0
227,-0.7390675720337717,0.37612412560572245,-0.8173089814407803,0.5136758191153596,-0.9836708346947121,1
228,-1.0497318345492554,0.4829355249994497,0.5196111465328022,-1.333632404687804,-0.8248878994969582,0
229,0.34246962205132286,-0.1904072694462727,0.2659991671788799,-0.8864151217150191,0.6356533042953325,0
230,0.2660205018879962,-0.16024794278552779,1.327484954015637,-1.1851348233928398,0.6314940744984353,0
231,0.6287383518323416,-0.24901394882901873,0.6041695073863402,2.4175137790189876,0.04508991286738717,1
232,1.3502019015661564,-0.6766899053297704,-1.6652804208298235,-0.5180347695518179,1.6804638935595608,0
233,-0.7725507605057998,0.4102764909749013,1.7319621301861923,1.225302969949006,-1.2191605030008852,1
234,1.2229713646243743,-0.5797617227912331,1.1658469592921084,0.8648022839507343,1.1521030633319262,1
235,0.6688425603977682,-0.3469780607776399,0.2591588425597657,-0.7300628734057457,0.9637596984656894,0
236,-0.09642472749965414,-0.001194346049677782,-0.3643572001662182,-1.955003401057589,0.4324979432146898,0
237,1.5840964540366702,-0.7900284252395772,0.6508242887315826,-0.4515354057967519,1.9282346944156277,0
238,1.2146253057074738,-0.6172721309458302,-0.06750183042827537,-0.8091485486145334,1.606897039042722,0
239,1.09615877017925,-0.5032765825427884,0.08041409355266435,1.4335630636078227,0.8500132044673447,1
240,0.9712548728557369,-0.45229641551361255,-0.22094597036843394,1.0141085012502893,0.8241909426132868,1
241,0.9838211903227737,-0.48630300903632195,0.7423725876426749,-0.10532080514338715,1.148982886890625,1
242,0.5250491254202253,-0.2503030393251718,0.5326573946133885,0.3150316186922961,0.5102247776587807,1
243,0.6935713180257087,-0.3634962186758868,-0.22661307466260003,-0.9054698813119445,1.0405571555735187,0
244,-0.797656480372378,0.33917340018026726,0.34590074903593754,-2.131397273604221,-0.3167083818189411,0
245,0.5090143211418418,-0.2635950031179962,-0.8860044891557212,-0.5367658634549195,0.7282319733374991,1
246,-0.363137744050662,0.19830726469830154,0.4860664028432633,0.7954537691951028,-0.6339480698000297,1
247,-1.3712282478152558,0.6588170466188179,0.3749185335734271,-0.6167498423292344,-1.3896476160389724,0
248,0.6071009346672084,-0.27698297152152046,0.33778387098271057,0.8645159471849362,0.45120787953226316,1
249,-0.5186200317248146,0.2119456647425083,0.25517752139669,-1.7308492615940645,-0.11021074018463273,0
250,-0.02857330052844549,0.00986387295523733,1.7212157981393923,-0.16830048768407302,0.014158752502162697,1
251,-1.1167769877080365,0.5765275461102836,-0.5636693111550467,1.105270463937639,-1.5776610273070197,1
252,-1.9402714154796539,0.959483456483986,1.954733563155294,0.22407990976109637,-2.2705398441394005,1
253,-1.2157990369513567,0.5774792411288067,-0.31669995390335576,-0.8147726577648855,-1.1578160325939564,0
254,2.375603772317741,-1.1806814840385023,-0.09809130121944236,-0.5125687142853561,2.846045032396374,0
255,-0.44156978082553133,0.16351021273288988,-0.29439570018964456,-2.1554165840711272,0.09524631331776656,0
256,-0.06127774729792665,0.07153165461044861,1.0077282366996336,1.6655626646899955,-0.5317121869402279,1
257,-1.3265574595776026,0.648520253525569,-0.20275274943287133,-0.1475093599735342,-1.4689543019505562,0
258,-0.11005453358176401,-0.0021529598717104836,0.6420421493872466,-2.263116722782188,0.5024441764413332,0
259,-1.6374393870032158,0.8072788116048888,-0.036307374798934554,0.09050404349662222,-1.8888118061648043,1
260,-0.6225658249664542,0.3279340851985693,0.7296041195157613,0.8791994899525375,-0.9524532997171812,1
261,1.0778920370504812,-0.5477834888082634,-0.5059831157853202,-0.7180267509224605,1.425995370903839,0
262,-0.11496177675036606,0.09765585771093005,-0.3157125900577396,1.6547436873957162,-0.5898137618056785,1
263,-0.3771321937879281,0.15111649558264992,0.5187148819406414,-1.3796055855122857,-0.04659365321209208,0
264,-0.8815635738006861,0.41223737272101063,0.3449373356933971,-0.8517286129049046,-0.7671439344261066,0
265,-0.3421510745292072,0.21635933270051314,0.9160412606558886,1.9366625803154323,-0.9265913469916789,1
266,-1.3824713318066522,0.6414945704045324,0.9427663799784999,-1.5359144578902244,-1.1475013522781172,0
267,-1.7459981648507337,0.857605484005239,-1.1868866999003547,-0.031986022501087064,-1.978397491365174,1
268,-1.0130015524636042,0.5305047035463454,-0.928937720957575,1.306287811857285,-1.5153002958481034,1
269,1.7954120485957041,-0.8304183929973925,-0.4433774896480074,2.1028557765922327,1.4602553718877065,1
270,0.24605713986385574,-0.12652428517889538,0.14398134623101064,-0.22337577694831667,0.3420149434964258,1
271,0.6482327073942968,-0.27510644754325664,-0.15644613816480613,1.753450332500786,0.2514652497211862,1
272,0.873105624603686,-0.3732690272220857,0.6453037648236415,2.251999172996855,0.3691328813755076,1
273,0.7232674022604697,-0.3821424816061114,-0.9073614922555138,-1.068244878791838,1.1195046880609474,0
274,-1.0556006338825052,0.47961673458288456,-1.0106170360719506,-1.583199346908692,-0.76234684864939,0
275,-1.0663685620850674,0.5279843353521413,0.3618153469822339,0.14948195560638977,-1.2551857868039777,1
276,-2.2729344663478317,1.100643702526591,0.32359462795910116,-0.6765743611474957,-2.399363126151454,1
277,0.3242906816053188,-0.18903826356878453,0.1168018689130513,-1.1908643288502887,0.6994054874691195,0
278,0.09856878236593603,-0.08262988660958337,-1.3181367318350532,-1.3745077766394678,0.49342820586265657,0
279,-0.6053034399802615,0.24699663485877782,0.15233975287394327,-2.0351978205795582,-0.12445724397348046,0
280,-1.5064816545721162,0.7188799004195291,-0.735396813798929,-0.8755230549604781,-1.471816723373271,0
281,0.6232464669903139,-0.33287420012072183,-0.8507150464015061,-1.0644597140487972,1.0046124730839137,0
282,0.7497945172805011,-0.35201493332879924,-1.0992152905917023,0.6682837211809867,0.6680473148386894,1
283,1.4527384194188804,-0.7317789685005495,0.28979559884561235,-0.7062168513213135,1.8493643339592611,0
284,-0.8798736685670933,0.39762696153440513,0.2629590551691457,-1.4060262959524266,-0.6114784067376999,0
285,-1.1422836394703881,0.5374619696765249,0.9230645712989498,-0.9706178797588572,-1.030916075416665,0
286,1.9607578270635948,-0.9431204328864484,-0.3257916091508248,0.8392919699294102,1.998916326571732,1
287,-0.6636778550267906,0.2901663117660993,0.5178866305162447,-1.453105788377713,-0.3523493871597658,0
288,-0.9610748936225593,0.4525590843177725,0.28565019610987497,-0.8022163362589655,-0.8713754535845948,0
289,-1.4149136645901483,0.6919741629946851,1.3457691801150062,-0.14692363830371913,-1.569682484049751,1
290,1.872072978525488,-0.8710482828783549,-0.27103549320058984,1.9845755116966568,1.5803163688883015,1
291,-1.350723539836665,0.6517027199947484,0.20486031904657026,-0.4974159694923499,-1.3994083555364005,0
292,-1.6598497994236026,0.8180749238229441,-2.78083727488142,0.0815851910400911,-1.9118452390545118,0
293,1.7337178075488178,-0.8647618712174457,1.2528847419749227,-0.4987513227312588,2.111627488676705,0
294,-1.7337405096629561,0.8341994904833425,-0.7571640981176355,-0.731099922820899,-1.7705371332313042,0
295,0.6458326440083437,-0.3404096209083791,-0.210922897773194,-0.9209002561143842,0.9905015308826242,0
296,-0.7690496033792673,0.35702120050528435,-0.3365917240756086,-0.8477030349713452,-0.6401987489842769,0
297,0.38431330186367296,-0.22060415717956938,0.8677062527201732,-1.2735865905350918,0.7906665044848112,0
298,0.9892577203997115,-0.487034523492724,0.2844474940234366,-0.02723026433238296,1.1335111770593524,1
299,-0.8840669448830071,0.39836579088659246,0.5388032736257815,-1.4592351732765239,-0.6014929162118297,0
300,-0.9242326963077804,0.48314493435319833,-0.7301108597884869,1.1567458477023012,-1.37278737333106,1
301,1.558550738581631,-0.7464228504739229,-0.7942523588696101,0.797333283008045,1.5527679947096071,1
302,-0.3094083725006507,0.1144500904469077,2.0580929346749612,-1.5151969335175282,0.06809672658538501,0
303,0.6635687804464873,-0.2680790395144042,2.1657013832930687,2.339431231402952,0.106390661764036,1
304,1.0946130469882966,-0.5646403399504135,-0.8182753679602661,-1.0654245848928299,1.541382554424671,0
305,-0.34129562925984286,0.21549948719171755,0.3065398953135771,1.918992291851524,-0.9207165937894046,1
306,-0.6637383727821333,0.2970921337408892,0.6586175647922772,-1.1757045252945444,-0.42935933145974514,0
307,-0.8119504262933007,0.44237290901400794,0.26900118967212827,1.7372193907937348,-1.4059916944903594,1
308,-2.9714907466573046,1.4294900017082932,0.2977628897504623,-1.2635180147766811,-3.0316526273215367,1
309,1.1014217782686742,-0.48777955981581245,-1.0886498809361485,2.161031026082445,0.6542302158625782,1
310,0.9760369725513371,-0.4401652077470439,0.1119256185568647,1.5966724323468275,0.668051721589176,1
311,-0.10645836104492916,0.02947940263739572,1.174378151542696,-0.9195530608921664,0.13388138608249955,0
312,0.9666814834804149,-0.4347259841746779,-0.7765786679437585,1.630450246657948,0.648034700092605,1
313,0.7453875305429122,-0.38999615428599166,-1.0355284174209507,-0.9467043111390626,1.1109705388081317,0
314,-1.0171752290142557,0.5314136307071528,-0.847681069998698,1.2603089066953763,-1.5072978295934356,1
315,-1.8054283478095288,0.8899152748049259,0.01430509071313689,0.09237668084544981,-2.080533755467127,0
316,0.8038048387430881,-0.36630140893291935,1.6424983415632208,1.1617400719662594,0.5926541424497818,1
317,0.6406215984808262,-0.2994612331998491,0.9980253502222085,0.623232408114363,0.5562839179956458,1
318,-1.1926638362588258,0.5580517368405241,-0.5521440838327852,-1.1387262718307554,-1.0416308896755855,0
319,0.6303770929897962,-0.26957929920946133,0.625430326210501,1.6226608676298495,0.26741851464472655,1
320,0.13394196581805784,-0.01249912065344084,0.47745168470488547,2.1461359286426207,-0.4428096191436185,1
321,0.8198853631303885,-0.42115699643279997,-0.6081752604310665,-0.7268615324755514,1.134786443782976,0
322,1.5187974985061818,-0.7596836707708866,-0.6588419444577848,-0.5222830059620773,1.8735352122697413,0
323,-0.6984963472305727,0.30143277943011715,-1.6680813139093884,-1.68849457424073,-0.32669095512638135,0
324,-0.40640847739455777,0.16307738376859826,-0.3660816948986407,-1.4774542038372165,-0.05277582268217196,0
325,-1.1163577932330948,0.5431468421546157,0.8140984735766132,-0.22921140525622818,-1.2070469660605352,1
326,-0.5896592582218203,0.3142357527176436,1.2025165866697032,0.9789525745841942,-0.9426674257189956,1
327,0.20682548102238696,-0.055361313672524046,1.6290902913813994,1.863354371932215,-0.2814213189509346,1
328,-0.5739025398146904,0.2296454487490344,-0.25934163429270696,-2.112161484751048,-0.06737027131627993,0
329,-0.8594091747617703,0.44873114660261654,-0.6109330882631577,1.05441002309746,-1.270621949543829,1
330,-0.7166204152452532,0.3199645878547157,-1.2096277395856172,-1.3014677226821842,-0.4546667328292482,0
331,0.9635277510836622,-0.4534511205634615,-0.042652969846177974,0.8148426308002696,0.8706651827975922,1
332,0.7149587512317546,-0.3314132987310178,1.0509586725418538,0.8080697248408371,0.5896261869273212,1
333,-1.382405881728242,0.6602996244369045,1.4511688228004755,-0.778168003256837,-1.3575982815878713,0
334,1.5913814474763983,-0.8026684275010323,-2.1594416461000474,-0.8159192316822748,2.0375932426765013,0
335,-0.26272960191108713,0.1361740856039368,1.2602567871924792,0.2818229169252646,-0.37720241278511024,1
336,-1.0190820901104007,0.4717370982261875,-1.118298878458158,-1.1779505386508509,-0.8331833256462695,0
337,-0.5929073166750516,0.30311532667768687,0.7610891425383822,0.46738656886166363,-0.8044744348747974,1
338,-1.3821416243215414,0.682274575448797,1.1117017451038067,0.11102246782372793,-1.6039267410658555,1
339,0.3558230885216545,-0.16990898085996442,0.74176177791472,0.20223604632954684,0.3488996151646706,1
340,-1.609363344530245,0.8006591599380808,0.15941200409147932,0.37947246447238525,-1.9370054449515726,0
341,1.6146828586916746,-0.7924109563560711,-0.284276426327477,0.05752201360029874,1.8218535953724408,1
342,0.3452200614225821,-0.12544132326873306,-1.0522789814109392,1.781299435516944,-0.1011435893360546,1
343,0.4659978050334427,-0.2415786754461999,-0.126386180454225,-0.5018603810276705,0.6695896950415596,1
344,-1.0469755486674464,0.4901774089145488,0.08751001018871311,-0.9878102495675449,-0.9176692770982876,0
345,-0.6381995569294963,0.2549973466598366,-0.7649811162236813,-2.3639367225002674,-0.0707188515094076,0
346,1.5010487426309387,-0.6736529576293098,0.8371022139010417,2.587377090366691,0.9908267513297794,1
347,0.11068547198382533,-0.08215987254962105,-0.9448894089528124,-1.1159732671551368,0.4355111328297423,0
348,-1.3262873437322675,0.6781560767295142,-1.8794752439104008,1.0499632027562271,-1.800782380777336,1
349,0.01071565532137817,-0.03697646820071873,-0.20992634122403558,-1.2754954072526026,0.36597263224500254,0
350,0.9239845081492529,-0.38744716797414014,0.21580169553287368,2.687883999270708,0.3061438085839553,1
351,0.34910557220471544,-0.2026487568156413,-1.5800595620137574,-1.2476042006099117,0.7433870139863001,0
352,-1.9847483916659074,0.9840273956724417,0.3255521628805719,0.33177805728896825,-2.351034445474842,1
353,-0.1208975392608604,0.060214907761751715,0.3090168197876328,0.03125450769617777,-0.14627265738046136,1
354,0.47116501265568655,-0.25647594684806274,0.6634792559463168,-0.9989278543389032,0.8133394493098886,0
355,1.1016424861503966,-0.5697451632251502,-0.8890724087905467,-1.131752325787165,1.5677802711513862,0
356,1.5206061691467425,-0.7193073116527356,0.3273403664082984,1.1376658199318606,1.4151841275793404,1
357,0.05158111576211157,-0.027061067657924306,0.22252777726910358,-0.06845595661671156,0.07769606525345041,1
358,-1.268830228465706,0.6263549947425977,0.4328900587755523,0.10252315361348963,-1.4725999863298505,1
359,-0.48116478758612724,0.24961313001381544,0.35071625838829684,0.5251019866724673,-0.6932989096596225,1
360,1.1024533733720823,-0.5638025177023678,0.7434656952738399,-0.8766668316622436,1.4979517332028678,0
361,1.1911242324339966,-0.6059945876265544,-1.1030498610160777,-0.8202709899572751,1.5832334278719409,0
362,3.2341984122753598,-1.5942377419685563,-0.19862694050629412,-0.16814251062090035,3.7277533820831716,0
363,-1.9335569643802255,0.9523987756748912,-0.8002706810425464,0.07188100944803466,-2.2206830924879206,0
364,-0.9770764862838314,0.42938433440759927,-0.26362869867309485,-2.050901940242529,-0.5432480658211909,0
365,-1.95718766919148,0.9649057827132165,0.48847595789082054,0.10765129385803207,-2.2575005921905484,1
366,0.5334000897825761,-0.2127175652021161,-0.5284007549344323,1.992099068128883,0.05457194860608594,1
367,-0.6039716104895371,0.26415080952552855,-0.7061364393964027,-1.3188148736056031,-0.32164006000450995,0
368,0.34196317891698796,-0.19463634577356012,0.37467435282496664,-1.0665496953491467,0.6850396851087094,0
369,1.063398389844356,-0.5485261024952265,0.044842196214342094,-1.0345351490632981,1.497286883113236,0
370,-0.217035361719761,0.15620112453298143,-0.17929234655146434,1.9911102801934386,-0.7992883154934725,1
371,0.42715720916417205,-0.2412437433556081,2.0674904829790592,-1.2565248987447613,0.8346985099309026,0
372,0.4293815385685379,-0.23626747773494097,1.01395867884495,-1.0123598267650578,0.7695076605477577,0
373,-0.469860569556629,0.17610058366356035,0.12422749795973094,-2.208453827528033,0.07775676704235335,0
374,0.8470307628704805,-0.3906658514327778,1.7529096058434601,1.0365207190824135,0.6765845626677387,1
375,1.171656809198261,-0.5543794372043158,-0.25430018713019203,0.8709992307036636,1.0919787876407068,1
376,1.7024127871587633,-0.7988737166650277,2.079538680357677,1.5325565305796798,1.5125853463245251,1
377,-1.534218720992155,0.7382471482209167,0.43419766809319615,-0.6450028801327027,-1.567324589499811,0
378,0.020907884218047873,0.04273032644676364,-1.3208143141716482,2.1323582810778317,-0.5676419164965988,1
379,-0.7875521950619737,0.3546134236254384,0.4812870594120847,-1.3104778410705997,-0.5329011536957047,0
380,1.2208589160310186,-0.6207381007671101,0.6485628985444821,-0.8252906145933199,1.6184692664964444,0
381,-1.438200970046021,0.7163217561523156,-0.14099080954071416,0.37193733681321417,-1.7401009934578824,1
382,-0.6736627043550804,0.29268874330136846,-0.08852530555259044,-1.5491054930611474,-0.33708715349484786,0
383,0.5927387938231551,-0.31763923468761457,0.5537746075705778,-1.0549580869835296,0.9672536840259142,0
384,0.19871739323721058,-0.17380449931601555,-1.1818094087707498,-3.061491949320427,1.0753241846076218,0
385,0.961335114918302,-0.4262567721055479,-0.4766015575819446,1.8653994105210203,0.5767831535388066,1
386,-1.3759800586771587,0.6675454453680689,0.2844695567295501,-0.35961626641874844,-1.466375598283952,0
387,-1.6768244081086157,0.8039559998012314,-0.26991790118506015,-0.8220637897572007,-1.6805259869865963,1
388,-1.8222333369982704,0.8803299841349349,-0.9269219720344919,-0.6255478646134063,-1.9005346770813354,1
389,0.6943704961492982,-0.3012932020373323,2.37138845402525,1.6125136350080729,0.3430693333057748,1
390,-1.4522508794348312,0.7010343248188355,0.7112883400295278,-0.5208752156364568,-1.50845852472803,0
391,1.7245591181686704,-0.8668155116985874,-0.5318123168455532,-0.7624894028284299,2.1743545958097004,0
392,0.20239852764373625,-0.12564601874584347,-0.9952278451786465,-1.0514684289719562,0.5220062686723347,0
393,-1.0627391883982922,0.4945115295656832,-2.28175242630648,-1.125218159295562,-0.8974992406735409,0
394,0.061905800218573274,-0.05395888758378057,2.271033767456694,-0.946259776416718,0.33291845687253496,1
395,-0.3610387783544207,0.1703198608665046,0.2774488018821426,-0.28885694418517827,-0.3308105361329692,1
396,-0.8043359908194688,0.4021592760954747,-0.9618053417846936,0.270174011911568,-0.9904197998835486,1
397,1.3762634041972621,-0.6948030268753842,-0.6546431760426943,-0.7312435294033139,1.7692630982379343,0
398,-0.9807154996044447,0.45619510037307204,0.2996346031797468,-1.0443796672306414,-0.8265627627523733,0
399,0.04562281309097309,-0.04798762695709293,-0.1833318104609036,-1.028083056432599,0.33708021657753306,0
400,-0.8002104921762405,0.35759937020317867,0.45221642395941064,-1.4407040746576123,-0.5111885991569074,0
401,-0.13644258051881386,0.03640116527114267,0.837935227193522,-1.2341061460409966,0.18699942531969915,0
402,-1.256997158825688,0.5974102450496588,-0.31022755338137453,-0.827789629264817,-1.201096688362727,0
403,-0.13487545270173046,0.032174230571873484,-0.7962460588279633,-1.3731462502216676,0.22734779635335967,0
404,0.9252072739367713,-0.473943060878136,-0.7966301540623809,-0.7673174051983516,1.2658832769260382,0
405,-0.2786495974172054,0.10618849668666613,-0.38327013290363465,-1.239221765234667,0.026560392055933746,0
406,1.570779234598435,-0.7526243160122998,0.5479239582517051,0.7897120237733501,1.5688001490866803,1
407,0.0701367298374155,-0.06626275809932043,-0.4756385595250576,-1.2784149033241896,0.43441458179749604,0
408,-1.4631520297387468,0.7123511592261896,-1.7258900047900703,-0.28123266435945826,-1.5873342172929956,0
409,0.7375127712308933,-0.3530301584154849,0.5372448610538645,0.38455328796202826,0.7327649598220396,1
410,-1.2111650780399463,0.5841818105844448,1.084643023345939,-0.45351085259791046,-1.252742670312013,0
411,-0.10150727950526167,0.018487002595748397,-0.36681138365245114,-1.263817439134706,0.23500310425954551,0
412,-1.672516909448005,0.8126835603773601,1.4348867985415426,-0.385800990727613,-1.796626756354581,1
413,-0.8040625854114478,0.35398883940400144,0.7720459273385046,-1.662122841883218,-0.45415944760936466,0
414,-1.1515881964419838,0.544483214961568,-1.3224731100566671,-0.8721943957063985,-1.0688054943008307,0
415,0.34138028284076943,-0.1635681541178307,-1.1848769559294434,0.17167158624495849,0.3409385019061111,1
416,-1.1370163871506358,0.5210035211480505,-0.07038383609128987,-1.5285067108302226,-0.8701828098468641,0
417,0.5478666827595762,-0.207603580757722,0.156319421100823,2.4839151761802203,-0.06537436603046365,1
418,-1.002401826788769,0.4558447364173022,0.2030444884087107,-1.4873566586278189,-0.7283800448568922,0
419,-0.9984392344580572,0.5038884583460803,-0.6574661089412417,0.5236168802008292,-1.2816411102709386,1
420,-1.1596374494748967,0.5605953308103273,-0.7047204226246058,-0.38325584157512016,-1.213580882196931,1
421,-0.8714713480889417,0.3871609736581881,-0.06425778688921284,-1.6608612192610055,-0.5312330314888514,0
422,1.6388204558280282,-0.7761150586438743,0.05994319274761793,1.190401965063247,1.5351067813586283,1
423,-0.03998798218506057,-0.008088160795865834,1.573239629782792,-1.1161833133365278,0.2640750977489871,0
424,-1.5237176306830702,0.7452795601359247,0.3897810159436931,-0.15444053419591042,-1.6914366323460137,0
425,1.6332269424448675,-0.820185202765394,0.5029349466497697,-0.6929846209900694,2.051123556630426,0
426,0.794791241064207,-0.37836520770727533,0.16267062590215062,0.49820281217828155,0.7664362039430808,1
427,0.3891349615231025,-0.21877269053957907,0.3684183422874519,-1.1045576636063321,0.7492719434071714,0
428,-0.38974277343972374,0.22642983167337533,1.332800942422933,1.4005533160049657,-0.8320622199900217,1
429,-0.8653779406747439,0.3911558131497122,-0.26557615867858203,-1.3796575291261208,-0.6022933248450683,0
430,-1.1638476059410583,0.5778356194335365,0.823896442609245,0.22698911949181488,-1.3876326712271883,1
431,0.10914633590800345,-0.08877688868610334,0.5304814136815165,-1.412588326817111,0.5160295861428248,0
432,-1.5893372721452894,0.7647390903806727,0.11162735865000575,-0.6693992433575746,-1.6232930405895831,0
433,-0.835544029966203,0.4324391684277123,-0.08916369916031532,0.8710219377224897,-1.19259378192953,1
434,1.5436590878464598,-0.7766577044577732,0.5379230577237781,-0.7134011041151782,1.9548415438999032,0
435,0.2211121111458221,-0.09315905276238631,0.20004898491654666,0.6254444996343549,0.07819087775156652,1
436,-0.027428064467758025,-0.024067094659778146,0.40370305069677687,-1.5105585798551,0.3877560261565245,0
437,-0.7200276460776825,0.326485994659865,-0.7091628416067399,-1.1065212905367963,-0.5126158725137974,0
438,-0.37922453340208573,0.13886288535422536,1.6070849467167019,-1.9138987908193454,0.0992184617662486,0
439,-1.0651248956428305,0.5090374953236192,-0.6802628025228472,-0.5880780219505836,-1.0491978381147213,0
440,2.3140153757245554,-1.0806975942489223,-0.36314873849553675,2.291369905074458,1.9982350071523944,1
441,-0.6424739805210163,0.2813049659106749,0.6732554887726439,-1.3902203251029204,-0.34565760121871814,0
442,-1.8348281180861181,0.9037625565766896,0.18642960039946957,0.06796797293232815,-2.107226047050827,0
443,-0.640586663696059,0.3370526522239093,1.1783751486717822,0.8896108407151841,-0.975852083136559,1
444,0.5331172499989575,-0.20890021656277383,1.0176128047319954,2.1400620997929263,0.01321043826668633,1
445,-0.9637878265629609,0.48997708440749665,0.24000295228544274,0.6493073003529763,-1.277063361428673,1
446,-1.152733626818732,0.5915257118154335,0.6755037809057729,0.9974842055410781,-1.588690337035949,1
447,0.9284538539349783,-0.43846821838080846,-0.941819333448146,0.7239000750046469,0.8559687638155351,1
448,0.14260415972975654,-0.019807950091626777,1.3057473995092346,2.0234402852071067,-0.3989191104206552,1
449,0.8013409866422696,-0.40285078277639974,-1.0926892749774142,-0.3572217559997417,1.011154822129398,1
450,0.4452028128078514,-0.24585407014557925,0.777221812367959,-1.0850980183268266,0.8076901406166063,1
451,-1.3566526040071765,0.6787918139845621,1.1456842134012242,0.4750127551381147,-1.6758732388593613,1
452,0.0495435483194407,-0.05532613516408889,0.4919571277965661,-1.2457428031469626,0.4019136702269581,1
453,1.8264447592635378,-0.8660953043843571,-1.8372648625636412,1.2814399590357575,1.7234073426369516,1
454,0.277192995946608,-0.16742735080599244,-0.1793956127561702,-1.2529789933063067,0.6630279574460671,0
455,0.362209656038109,-0.20504576274560368,-0.7176316844216134,-1.084871066472415,0.7131656103619892,0
456,-0.5824326245213151,0.23324424104605643,0.16005979279648896,-2.136093109165466,-0.07044132151764193,0
457,-1.3617100380012614,0.6494792214348453,0.3203082127462699,-0.8041347243795898,-1.3268403507159252,0
458,-1.1163117760897487,0.5608323784094091,-0.7287530452913753,0.4831170105659315,-1.4045686945636389,1
459,1.7824602419971576,-0.832099919968355,0.6822370168028621,1.7790711212142036,1.5353199544815785,1
460,-0.6988807421226753,0.37297554874778044,-1.1177672093896212,1.1817826885210283,-1.1232394291035552,1
461,1.2127695981263724,-0.5914675453911704,-0.1941442930229669,0.19216695512340154,1.3270562435219695,1
462,-0.3395018829440686,0.10642123349951586,-1.4167495871942342,-2.4333150265383487,0.2884974466541448,0
463,-0.4379757359251788,0.23923878269742316,0.15961471331172736,0.9619189634681278,-0.7652989800227828,1
464,0.4335076936309425,-0.21181232620603715,-0.3789660585789339,0.05297464635786264,0.47871878893848163,1
465,0.727452087346576,-0.3815657843286357,-0.41788872541891064,-0.9622875354700515,1.0948789050195777,0
466,-1.452265025230709,0.7043441408854426,-2.3628641084522477,-0.3880143170696657,-1.5453254267741916,0
467,-1.0409177223303872,0.484646440566016,0.6958796617175403,-1.09049536386117,-0.8822932170553486,0
468,-1.5879221828402754,0.7832446816973818,0.49423449906514094,0.10299238893657436,-1.8359158724043527,1
469,0.35559085856807715,-0.20399749159671327,0.057708806756984116,-1.1736010605980804,0.7302426799802036,0
470,0.6032005368304714,-0.23263649945987475,-0.07456369283612095,2.5712601883468933,-0.026620535787129862,1
471,-1.101240421286639,0.5563431809953335,0.4126695829369163,0.6005957148440253,-1.4199990396149191,1
472,-1.9465508527334034,0.9466368726116906,-0.16466222217661836,-0.4168730842183245,-2.099909859152177,0
473,0.16912628085195774,-0.038012423277855076,-0.7328439802525423,1.8156663125167682,-0.31110304972653846,1
474,1.8609258823980894,-0.932631238356972,0.10782988226861115,-0.7131127446292884,2.315869930729243,0
475,1.7212074551685401,-0.8596705546718133,-0.8135714254875379,-0.541361094104518,2.109206798261047,0
476,-0.37940398926921093,0.13230564960697846,1.9677690893906574,-2.1812191831674195,0.1731592031943432,0
477,-0.7743155559303069,0.33904702546387633,-0.12934380114080415,-1.6748751537045856,-0.41676478970774244,0
478,0.21747777551977818,-0.13028084517838132,0.13850146370624752,-0.939691698665436,0.5081664284741729,0
479,-0.1280204340354033,0.11060221565250077,0.1729332942095047,1.9172671543202626,-0.6774914342018963,1
480,0.42123319255057123,-0.15155767838038334,0.35000913660721295,2.234029294014137,-0.14019743560156106,1
481,-0.3602619087551951,0.1425675253163576,-0.7141025963729193,-1.3898584543380246,-0.02454837012214095,0
482,-1.644896297712485,0.8058585456912919,-0.6753342355440102,-0.114100403825377,-1.8405492878703176,1
483,-0.279313330876542,0.17467845457306072,0.08721233726835421,1.5027287247143164,-0.7347128217052759,1
484,-0.8740479831034106,0.457441222614271,0.22071479080125825,1.1152747007679977,-1.3041652817017493,1
485,0.9946246950907781,-0.5013022569057981,0.786903221911645,-0.4950232170019869,1.2693686114407314,0
486,0.3324756393885672,-0.17358563787038958,-0.10409771951661516,-0.4073958577304826,0.49141570577822424,1
487,-0.7824064362825431,0.35401492893160164,1.3321998838949054,-1.2327869343861637,-0.5485929710785319,0
488,0.5135835635972306,-0.2235215743562661,1.6860368312962442,1.1655921934673377,0.261260145831795,1
489,0.1446521199533511,-0.024514033373755295,1.1754019142954315,1.8746352129295407,-0.3553150145648347,1
490,-1.0188167143754103,0.4729920576934879,0.24526537489646627,-1.1222202940357442,-0.8483388304184808,0
491,1.0773081283502224,-0.5286816322846412,1.4435517643517461,0.0388167284586608,1.2154098036806555,1
492,-0.0033064503990597864,0.026160323036146117,-1.019562126529009,0.986934542740645,-0.2775032517596766,1
493,1.0269887995290417,-0.5304781786470073,0.9862505727898264,-1.0285997065148431,1.4541997497862358,0
494,-1.1647813047144746,0.5465783684823136,-1.942132165918247,-1.0488304509300674,-1.0348292501800864,0
495,-1.603392311904718,0.7715254983663045,2.2731051070621544,-0.6743710359770249,-1.6379112834975458,0
496,-2.027054436230213,0.9633137569448216,0.3268047196749653,-1.3381212546868166,-1.936016967610618,1
497,-0.6100362798076493,0.3053029968949764,0.34584676191908337,0.21663400274665712,-0.7544206865881735,1
498,1.1691424600822968,-0.5477906811006692,-1.4518292018451076,1.0863130791794722,1.0293967290492791,1
499,-0.9631572630299836,0.47569886111662646,0.9874284497575734,0.08742195991988266,-1.1204990194159716,1
